0.0,0.0038058036,0.10642411,0.28854913,0.2967143,0.28259823,0.31678125,0.32293975,0.26218528,0.24592412,0.25429687,0.26308483,0.2482076,0.22135939,0.19063617,0.14275223,0.10164956,0.09127009,0.0871875,0.11133706,0.10296429,0.11486608,0.11472768,0.121301346,0.07639286,0.04670759,0.04324777,0.028924108,0.034736607,0.012870536,0.0004151786,0.0,0.0,0.00034920187,0.09707812,0.24737461,0.30694845,0.27398378,0.28383127,0.26232046,0.2938883,0.3053421,0.2818059,0.24583812,0.24856189,0.25058725,0.19820698,0.1477124,0.110417634,0.10175743,0.12138257,0.11160492,0.09847493,0.094563864,0.11740167,0.0928877,0.076964095,0.055453256,0.042183585,0.04113598,0.04071694,0.025840938,0.002234892,0.00020952112,0.0,0.0,0.012568242,0.16729727,0.34939712,0.3303353,0.3049195,0.28725415,0.24927014,0.2586265,0.23802854,0.24438249,0.24731508,0.23265213,0.21519624,0.17190562,0.1591279,0.14900349,0.124146305,0.102919936,0.08630193,0.09530917,0.10696971,0.08483563,0.074850865,0.06465662,0.052018557,0.05655709,0.050272968,0.03756508,0.015151714,0.007122004,327.217049632353,0.9404680430680845,0.01708468945605664,0.230018647445321,0.0845794677734375,0.0,6.961787e-05,0.06516232,0.2318275,0.31230575,0.29114193,0.28146505,0.24721305,0.26851612,0.30583128,0.30583128,0.2564026,0.25779498,0.2411563,0.1998729,0.14981766,0.11869846,0.11528719,0.12955885,0.10101553,0.089528576,0.09182597,0.112224005,0.08771852,0.07901628,0.05875748,0.043928877,0.045878176,0.041979574,0.02910027,0.0032720398,0.00027847147,1
0.09463305,0.12991226,0.12203878,0.091983326,0.09274039,0.09584435,0.10386924,0.1258998,0.15746939,0.21296223,0.30759528,0.47536075,0.37815368,0.15837787,0.13097215,0.1374829,0.14634055,0.13733149,0.12673259,0.13082074,0.13559024,0.15587956,0.16784118,0.110379994,0.09614718,0.0975856,0.12203878,0.13559024,0.22545378,0.18525366,0.04898207,0.12423427,0.13042486,0.14964223,0.09988563,0.07776331,0.087818906,0.09943871,0.12424253,0.14442821,0.17332876,0.2536246,0.44118014,0.44274434,0.13668168,0.12044375,0.114112444,0.124614954,0.1370541,0.14778008,0.14353438,0.158804,0.16118754,0.1815222,0.1053231,0.09176666,0.091021806,0.12535982,0.21310423,0.26107317,0.14569448,0.040222403,0.023314096,0.1343726,0.2247084,0.14028169,0.1094364,0.11330153,0.11792454,0.13922068,0.14391947,0.15316549,0.20341225,0.27601618,0.52717423,0.23137765,0.10041775,0.10458603,0.105192326,0.111406855,0.1303536,0.14566258,0.1577127,0.16945969,0.20295753,0.13330929,0.118758194,0.14505628,0.20773211,0.21803914,0.14179744,0.09397586,0.07510489,0.05941699,0.030163217,0.13573448,341.95911458333336,0.9621879695872082,0.02048416691754087,0.2538488313533313,0.14093017578125,0.1385689,0.15582465,0.100845285,0.07858463,0.09188126,0.11720464,0.12766266,0.13886769,0.18772164,0.27019066,0.42758402,0.43565163,0.12616865,0.11376842,0.11055631,0.12026734,0.13729899,0.1433497,0.14626302,0.15888736,0.17838411,0.18219382,0.09852958,0.08687635,0.09501867,0.16254766,0.25928444,0.20983289,0.10913701,0.03189699,0.022185963,0.13251817,1
0.21076858,0.15597025,0.17811325,0.20972481,0.21546559,0.21397448,0.22292115,0.2344027,0.28293836,0.38060617,0.3237948,0.26295748,0.19317347,0.16566247,0.15895247,0.15186968,0.15641758,0.14597979,0.12838468,0.11496469,0.117574126,0.109596685,0.10825468,0.10087368,0.08872113,0.08380046,0.06754734,0.05077234,0.035413895,0.014016447,0.0024603338,0.0,0.090566434,0.082638055,0.09201489,0.11694352,0.12342344,0.1348586,0.17030758,0.27650207,0.3223189,0.3309334,0.3724049,0.27802676,0.22359541,0.19515999,0.18776526,0.17328072,0.16070205,0.15086782,0.15178263,0.14637,0.15002924,0.14781845,0.14553142,0.14065242,0.12898855,0.113284275,0.10184912,0.09818987,0.087364584,0.068763405,0.031179857,0.0019820936,0.07760121,0.073786005,0.090649195,0.11659257,0.14482506,0.18129839,0.26378307,0.37907845,0.32452106,0.28591123,0.3308543,0.26714045,0.19930615,0.15527871,0.14215443,0.13757618,0.13383728,0.13696575,0.13109034,0.13315055,0.14100987,0.14154398,0.14100987,0.13833922,0.13444771,0.113998234,0.11582953,0.1114802,0.101713285,0.087673336,0.05577825,0.012437558,327.8818780637255,0.9532156898573892,0.018123910884332437,0.22231117182912025,0.18359375,0.08441593,0.078962505,0.09450102,0.11631469,0.12789387,0.14343236,0.17211884,0.29463398,0.3512599,0.37949815,0.35387456,0.279469,0.21940671,0.1729406,0.15560918,0.1491846,0.15120162,0.14276004,0.14201298,0.14313355,0.14163947,0.13342199,0.13446784,0.13252553,0.121917516,0.11534353,0.09980503,0.09143814,0.08307125,0.06461927,0.024353622,0.0005976349,1
0.0010803356,0.009182852,0.038937096,0.27098417,0.80561525,0.32464084,0.25198826,0.19135444,0.13013542,0.103262074,0.09133337,0.08201548,0.07562349,0.0659905,0.053206526,0.04366356,0.039432246,0.038531967,0.03538099,0.03628127,0.034300655,0.03335536,0.028313795,0.03051948,0.030294409,0.027458528,0.02826878,0.022912117,0.0167452,0.007562349,0.0016655173,0.0,0.0,0.0,0.00019162658,0.12958747,0.8011428,0.33467582,0.26358235,0.19636934,0.17548203,0.13691719,0.1167964,0.107502505,0.091597505,0.085848704,0.0663028,0.058158666,0.0526494,0.04622991,0.04369086,0.038229503,0.040193673,0.03784625,0.039331354,0.03779834,0.038421128,0.040864367,0.037319276,0.03798997,0.0389481,0.03324721,0.012168287,0.0005269731,0.0,0.0,0.004107291,0.25085723,0.83489615,0.31965438,0.20353411,0.14955896,0.12205797,0.10790567,0.097637445,0.07879748,0.06763636,0.05647525,0.048707113,0.0459838,0.04049253,0.04102826,0.034153014,0.033661928,0.03339406,0.03160828,0.03361728,0.03392979,0.033527993,0.03781386,0.036028083,0.03951035,0.041965798,0.042144373,0.022813322,0.0023215122,409.97120098039227,0.9337499068794444,0.06293507034726196,0.33159913719768414,0.1496124267578125,0.0,0.0,9.165603e-05,0.14293759,0.82320863,0.33234477,0.24133033,0.18995713,0.15709844,0.12029854,0.10439622,0.09587221,0.08464435,0.07167502,0.058064096,0.05050247,0.044911455,0.04083276,0.039595407,0.036433272,0.036112476,0.03583751,0.035195917,0.035654195,0.03652493,0.038358048,0.0364791,0.036387444,0.03803725,0.03139219,0.009119775,9.165603e-05,1
0.6611691,0.3566703,0.25293267,0.311433,0.13015357,0.08959408,0.10979127,0.13686761,0.11270803,0.1118275,0.16862178,0.22277448,0.21275842,0.17236404,0.12619117,0.10236178,0.07126802,0.05008023,0.0313139,0.021352889,0.021297855,0.0332951,0.047493666,0.034065563,0.0163999,0.0018711295,0.0,0.0,0.0,0.0,0.0,0.0,0.10661751,0.25917855,0.30401888,0.32705554,0.33601063,0.32050145,0.22063272,0.092146605,0.11213333,0.15269081,0.020311188,0.011096528,0.010382716,0.012134799,0.015833642,0.03328958,0.08740949,0.1981801,0.32627684,0.3378925,0.27507707,0.17572747,0.09500185,0.07027801,0.047825385,0.03874051,0.029266281,0.02725463,0.04464568,0.115637496,0.04925301,0.0002595679,0.0043018176,0.08407523,0.1938981,0.14733724,0.24374858,0.25393376,0.2585519,0.2581723,0.20806879,0.1744134,0.20300783,0.11285944,0.022331493,0.013474811,0.011766736,0.010881067,0.010248448,0.010628019,0.009615827,0.010691281,0.015309409,0.022331493,0.04637106,0.10299057,0.28923395,0.45801702,0.37969866,0.18004371,0.08179779,0.052127905,0.048079137,0.22793306,59.98840379901959,0.9939813736786494,0.032703186997451554,0.4106431545315849,0.0313262939453125,0.0511201,0.25273216,0.22353889,0.33138826,0.30754924,0.29754192,0.29084915,0.13430181,0.0973959,0.17943028,0.038244464,0.012939377,0.010007301,0.010580968,0.012620673,0.014596636,0.030404348,0.07215455,0.17178138,0.3412681,0.3684854,0.29441863,0.1771356,0.09694971,0.062083513,0.040857837,0.026388679,0.030213125,0.047359392,0.13838121,0.014596636,0.0,1
0.31065077,0.13668634,0.10449455,0.20049047,0.31341928,0.42184123,0.324622,0.3297727,0.35359463,0.18632609,0.21304527,0.111383595,0.09818496,0.13185757,0.08505071,0.0482233,0.046678096,0.054790426,0.07771098,0.086274,0.076938376,0.028908229,0.02607535,0.027041104,0.031161653,0.04242878,0.104752086,0.21890418,0.02768494,0.00045068507,0.0,0.0,0.018974626,0.014668846,0.05874836,0.04466335,0.05108553,0.09275673,0.18354303,0.24119669,0.3591313,0.23572324,0.32723933,0.21492413,0.2326581,0.17770468,0.23827752,0.22368166,0.18828668,0.17485848,0.19507375,0.20565575,0.27308866,0.1369822,0.08502092,0.074803814,0.05020978,0.072395496,0.1613573,0.25374913,0.059551135,0.04816636,0.04904211,0.039554797,0.0017795297,0.00419969,0.006335126,0.0071893,0.028899562,0.047549035,0.03608886,0.05224699,0.106842965,0.14891104,0.24415147,0.2690649,0.2035782,0.24507684,0.26636,0.09011538,0.11588298,0.13396299,0.12869559,0.17225848,0.23568091,0.16941123,0.1736821,0.1926163,0.17197375,0.20258166,0.35220453,0.40765467,0.13709497,0.09289145,0.05993456,0.16001531,53.66366421568629,0.9912370693329013,0.03179279364523456,0.498315122891916,0.0342559814453125,0.011756235,0.008762411,0.034830585,0.05381581,0.044396214,0.059365336,0.12763911,0.22380657,0.30843687,0.25827205,0.24009006,0.3155198,0.24790321,0.14151295,0.1573583,0.2227843,0.25732282,0.21701571,0.19890673,0.23286107,0.24286483,0.19591291,0.13946837,0.10215511,0.07009929,0.076379016,0.17247346,0.25666562,0.053450707,0.052428424,0.04914252,0.012048315,1
0.07595603,0.050246935,0.057860106,0.068811364,0.0610225,0.07419915,0.085560344,0.1267886,0.22294882,0.30704507,0.3483319,0.36209416,0.17287757,0.045971848,0.017978799,0.0135865845,0.018037362,0.05709879,0.124797456,0.2934585,0.34874186,0.39260542,0.32742497,0.18388739,0.00064419146,0.0,0.0,0.0,0.0,0.0,0.0,0.0,0.014320517,0.013389101,0.020200077,0.033705607,0.050762154,0.050121807,0.059785247,0.050121807,0.050762154,0.054953527,0.08435134,0.12876822,0.20822963,0.2595739,0.3186606,0.33106008,0.27296302,0.24717444,0.2837325,0.35312298,0.38269544,0.31656492,0.21952304,0.006985618,0.0025613932,0.0006985618,0.00023285393,5.821348e-05,0.0,0.0,0.0,0.0,0.0019278274,0.0028435455,0.0030363281,0.0049159597,0.007229353,0.012916444,0.024868973,0.025977474,0.036243156,0.03773722,0.03094163,0.031760957,0.033014044,0.042460397,0.07311285,0.14203268,0.2579433,0.32676673,0.39896387,0.45834097,0.45178634,0.4244594,0.18738483,0.040725354,0.026218453,0.018458948,0.017687816,0.013350205,0.010699442,0.007470331,0.0048195687,0.0024579798,159.05537683823528,0.9360968651336976,0.05021021620486301,0.5107124427038358,0.0580291748046875,0.007054626,0.008554429,0.01260945,0.021830456,0.03621745,0.047160454,0.050160058,0.05127102,0.044327494,0.04654942,0.053992886,0.083489,0.12726101,0.19586308,0.24196813,0.30007157,0.35095376,0.39978066,0.32223532,0.3496206,0.35806394,0.3074595,0.20358428,0.00977649,0.0058881133,0.0034995389,0.0008887718,0.00022219295,5.5548237e-05,0.0,0.0,0.0,1
0.037805516,0.04548569,0.07876645,0.21153228,0.4223501,0.4015124,0.19396909,0.2077815,0.23808543,0.20932943,0.23850219,0.15663986,0.09007834,0.035840817,0.013097974,0.007977856,0.0045842906,0.004643827,0.004465218,0.004346146,0.017205974,0.100616254,0.25963756,0.29017964,0.291549,0.2905964,0.04518801,0.0,0.0,0.0,0.0,0.0,0.010825318,0.009601027,0.017397834,0.04678084,0.2659291,0.43784547,0.3510496,0.14530413,0.12745523,0.1406647,0.16740581,0.12526439,0.12674643,0.15258545,0.18209732,0.19711101,0.13724957,0.13331895,0.2955054,0.28352025,0.23074682,0.2654136,0.22675176,0.1413735,0.0019330926,0.001546474,0.0009665463,0.0003866185,0.00012887284,0.0,0.0,0.0,0.0016700466,0.0033400932,0.0030308254,0.006618333,0.010267694,0.040575948,0.19397283,0.34007096,0.3356175,0.14745893,0.07632732,0.0822034,0.10273879,0.11424356,0.1271091,0.13094403,0.2237244,0.29355708,0.3281951,0.3275147,0.32355607,0.33796796,0.2383837,0.083440475,0.048122082,0.036369905,0.04682316,0.03426688,0.010453255,0.002783411,0.0013607787,0.0009278037,122.08235294117648,0.9754010949882197,0.048342831192043745,0.5860791754409138,0.0679931640625,0.0061661727,0.0071832733,0.011887364,0.0209777,0.1146781,0.3698432,0.41955402,0.21422683,0.114233114,0.12065356,0.13324018,0.16190971,0.1187465,0.112771034,0.14207624,0.16451603,0.19795321,0.21562533,0.29508632,0.2821183,0.2908272,0.2601235,0.23215322,0.1527558,0.0022884766,0.0017163573,0.0013985133,0.0009535318,0.00031784395,6.356879e-05,0.0,0.0,1
0.14648186,0.10608022,0.09855239,0.1103621,0.10863553,0.13998997,0.16374752,0.21734013,0.21927388,0.22169107,0.20836198,0.27894402,0.3035303,0.3160997,0.26257616,0.27086368,0.2661674,0.29089183,0.23432954,0.20525417,0.15062562,0.08833112,0.053247295,0.030180374,0.016505972,0.009254394,0.005248761,0.0028315682,0.0005525011,0.00013812528,0.0,0.0,0.04597167,0.04575651,0.069495395,0.08061179,0.08434115,0.095385835,0.10607191,0.13856047,0.1386322,0.18367152,0.18331292,0.20604774,0.18195027,0.20475681,0.25797206,0.27202892,0.2766189,0.26607627,0.26751065,0.28321704,0.29791936,0.29555264,0.23760395,0.19564854,0.12357127,0.07322476,0.043963544,0.021874195,0.0134113915,0.007171867,0.0022232789,0.0,0.008830966,0.009734924,0.012168655,0.021208227,0.036645036,0.041095287,0.049439505,0.070995405,0.08573686,0.09143875,0.11445489,0.11236884,0.12279911,0.14324245,0.14150406,0.16236462,0.16041763,0.17015256,0.1992878,0.2588099,0.2784188,0.29107422,0.29788867,0.29976612,0.33022252,0.3562982,0.26423365,0.19727127,0.116540946,0.05500232,0.03469805,0.022946605,229.56927083333338,0.9530836314874969,0.021206494491650133,0.30535901006902383,0.1124420166015625,0.018153256,0.028719017,0.0514815,0.06637284,0.07282576,0.087007985,0.099204704,0.10863589,0.13678762,0.12934195,0.17975979,0.1774197,0.20379867,0.17784518,0.20096222,0.2549256,0.27038422,0.28442463,0.2752771,0.2740716,0.29761413,0.30647802,0.29413947,0.23627597,0.1825253,0.105090335,0.061692704,0.033540975,0.019146012,0.009360272,0.003971025,0.0,1
0.07854029,0.028215438,0.020074068,0.017160734,0.01512539,0.0142474,0.03232603,0.031567767,0.036476534,0.040108226,0.052519824,0.06461216,0.112502575,0.39653265,0.7094566,0.4412304,0.29915547,0.14027902,0.049007863,0.020034159,0.009657901,0.0035518727,0.0015564386,0.00075826497,0.00035917814,7.9817364e-05,0.00015963473,7.9817364e-05,7.9817364e-05,0.0,0.0,0.0,0.03441164,0.013350058,0.009079698,0.008250502,0.009825975,0.011401447,0.011650206,0.014262173,0.0169156,0.027612232,0.03631879,0.035531055,0.037645504,0.04456929,0.05194914,0.061816573,0.0910872,0.18362549,0.5107848,0.6519555,0.37852803,0.3190747,0.099669375,0.033914123,0.0135988165,0.0061360514,0.0022802893,0.0010364952,0.0005804373,0.00012437942,0.00012437942,0.0,0.0023438795,0.005072002,0.0057252143,0.0053025475,0.0049951533,0.005264123,0.0043803654,0.0061094565,0.005379396,0.0059557594,0.0070316386,0.0064936993,0.0064168507,0.0077616996,0.011719398,0.018635765,0.026013222,0.03304486,0.03719468,0.04361153,0.057136867,0.06459118,0.08795312,0.16787557,0.50965935,0.71895623,0.32879636,0.25041088,0.052756503,0.017290914,0.00749273,0.0068010935,159.43642769607848,0.9235504613025617,0.0653774361464643,0.502067967112773,0.053436279296875,0.0122595625,0.01250313,0.010798158,0.011163509,0.009702104,0.008078321,0.009458537,0.009864483,0.012706104,0.012827887,0.022408208,0.032922205,0.037712365,0.03840247,0.04177182,0.049119443,0.060161166,0.074897,0.14187805,0.40501213,0.6845464,0.45944944,0.3145674,0.12913136,0.03430242,0.013802157,0.006779295,0.0025574586,0.0011772428,0.00028416206,0.00016237832,0.0,1
0.0035432721,0.0037322468,0.006283403,0.007133788,0.00637789,0.004960581,0.006141672,0.0070865443,0.007795199,0.008314879,0.011527445,0.016488027,0.02914932,0.16530547,0.49804235,0.19247055,0.13190421,0.12406177,0.13629787,0.10955798,0.08782591,0.08621962,0.22464345,0.61279714,0.39259458,0.16043937,0.038456313,0.0042991703,0.001653527,0.002031476,0.002267694,0.006755839,0.01204941,0.010247148,0.004479909,0.003810497,0.002832126,0.003810497,0.0048918542,0.009732216,0.04160651,0.0606075,0.037590038,0.5183306,0.28964928,0.13053527,0.11034994,0.096034825,0.14505635,0.08377944,0.08125628,0.077445775,0.085890666,0.16045283,0.3939745,0.5119454,0.30005088,0.13722938,0.041194562,0.0070545687,0.0018537553,0.0023686874,0.0018022622,0.0067456095,0.023177806,0.018531047,0.07087706,0.015059975,0.0076139653,0.0055985036,0.00722207,0.010749128,0.15233529,0.48774165,0.26693666,0.12585436,0.122663215,0.09786185,0.12770188,0.093550995,0.06947743,0.0740682,0.07770723,0.07826708,0.107435286,0.22046907,0.38663268,0.49641934,0.30685398,0.14197806,0.051730175,0.012708603,0.0024633417,0.0017915212,0.003079177,0.004478803,143.91446078431375,0.9672963963719933,0.04572678932343584,0.4414573896065916,0.0518951416015625,0.011668505,0.011512926,0.004252522,0.004045082,0.0024892811,0.0044599622,0.011046185,0.08365022,0.016802648,0.008090164,0.14271879,0.5437005,0.20546941,0.116581336,0.10657235,0.09796359,0.1412667,0.07317449,0.08038304,0.078101195,0.08479114,0.16081794,0.39185435,0.51076937,0.3048851,0.13841441,0.04335498,0.0074678436,0.002074401,0.0021781211,0.0017113808,0.006430643,1
0.019822353,0.008847538,0.006188442,0.005028109,0.0055599282,0.010491343,0.017356645,0.029153364,0.02799303,0.024608726,0.022674838,0.026397573,0.024802115,0.021901283,0.01503598,0.010297954,0.0059950533,0.0056082755,0.004544637,0.0051248036,0.007348775,0.016244661,0.056421187,0.16220486,0.24840793,0.32861593,0.5065336,0.4374455,0.221962,0.41245,0.32373288,0.14968294,0.03251279,0.007498224,0.0050397897,0.0048554074,0.0043637203,0.0064533893,0.009464971,0.019728933,0.02968559,0.03263571,0.02741154,0.026182322,0.03177526,0.08260338,0.2116097,0.3157244,0.2560459,0.32162464,0.4080386,0.35499787,0.18198557,0.08850362,0.07406033,0.104852214,0.092682965,0.09735399,0.19126616,0.3471309,0.2902796,0.22955628,0.09821444,0.043760125,0.61143225,0.07492579,0.0712099,0.082695365,0.10188285,0.13465022,0.18613213,0.22599347,0.23146595,0.22829056,0.20808965,0.14667618,0.07708775,0.06472399,0.056346353,0.0618864,0.06749401,0.07857411,0.06958842,0.07533115,0.076952636,0.0720882,0.07168283,0.10282872,0.20910308,0.28382617,0.2236288,0.21153529,0.16795807,0.09918039,0.034591526,0.019863103,186.8118566176471,0.9687625111729068,0.042029837645493576,0.5290184831247612,0.0568695068359375,0.033985723,0.008998125,0.004984573,0.005178777,0.005437716,0.0069913487,0.01139331,0.02226874,0.033079438,0.036769316,0.1098548,0.3731309,0.20986994,0.16034788,0.22411157,0.32924074,0.3479491,0.30483577,0.21051729,0.077552184,0.063569486,0.071467124,0.09671366,0.0908228,0.08499668,0.12461432,0.28936416,0.30438262,0.27706456,0.19990079,0.08778027,0.035280418,1
0.14318432,0.1091798,0.108898774,0.120069675,0.12337177,0.14325458,0.18421456,0.16967131,0.13686116,0.10995263,0.09484732,0.09386372,0.09063188,0.08859442,0.08676773,0.09119394,0.10517514,0.15091263,0.28833586,0.47297195,0.48892036,0.2979611,0.17768064,0.09091291,0.08718927,0.07517528,0.057610963,0.06316129,0.06498798,0.06681467,0.11697836,0.10503462,0.192135,0.07924876,0.0735041,0.105480455,0.17296302,0.16680308,0.12423715,0.112401746,0.10153532,0.101396896,0.10693392,0.10028949,0.104373045,0.09634435,0.09032283,0.08796959,0.08921542,0.104580685,0.16181976,0.32723856,0.5006861,0.45978126,0.25456503,0.14894615,0.1025043,0.09793625,0.09191473,0.09675963,0.17933062,0.06450642,0.016195817,0.024016876,0.2092575,0.07604911,0.10704245,0.18435088,0.1928863,0.13418785,0.116207525,0.10767211,0.103754215,0.11047061,0.1127094,0.10585309,0.09990629,0.08752295,0.0833252,0.07751832,0.0756993,0.08836249,0.114318535,0.21177614,0.39381826,0.52191937,0.34806287,0.22681805,0.12327372,0.11942579,0.16790973,0.071781404,0.0468748,0.037919614,0.042047393,0.08633358,709.4983609068629,0.9191584284860347,0.01792624375005605,0.20630254759122868,0.15167236328125,0.18385273,0.07603658,0.07548509,0.11753614,0.18516251,0.17571826,0.12842806,0.11360678,0.105679125,0.10588594,0.10802296,0.10436934,0.10023317,0.09175402,0.084722534,0.0806553,0.084377855,0.09554551,0.14255998,0.29966545,0.49013606,0.48710287,0.263474,0.15028082,0.10119828,0.091202535,0.09713104,0.12739402,0.16062124,0.05073701,0.017509783,0.021714889,1
0.027586032,0.0116875395,0.009424511,0.010112014,0.010083368,0.008908885,0.008479196,0.0044401195,0.0034088658,0.0023203203,0.0023489664,0.0022630286,0.0026354257,0.0021484448,0.0020052153,0.0015182344,0.0022343826,0.0021484448,0.0023203203,0.0048125163,0.045518383,0.25148264,0.9213964,0.25013626,0.10538838,0.06505491,0.07714349,0.013406295,0.0030078227,0.004468765,0.0072474205,0.012203166,0.049448114,0.018950416,0.01870901,0.011064468,0.0074031353,0.007000791,0.0074031353,0.006155868,0.0051902416,0.00354063,0.0028968789,0.0036210988,0.0038222708,0.003098051,0.0027761757,0.002534769,0.003460161,0.003258989,0.018105494,0.3345895,0.41369042,0.7253061,0.30811527,0.11430602,0.14198731,0.20241942,0.11897321,0.05403484,0.009374622,0.005713289,0.0064777434,0.023376204,0.090035535,0.02180332,0.009241509,0.0075813574,0.008411434,0.007470681,0.0068619587,0.0055338377,0.0066959434,0.0077473726,0.0071386504,0.005589176,0.0052018072,0.0073046656,0.22185154,0.44243032,0.40557495,0.3460862,0.34066305,0.38100472,0.053069502,0.07138651,0.14216429,0.13369751,0.12157841,0.090146214,0.15633091,0.27486572,0.16961212,0.029882723,0.008024065,0.041669797,236.32596507352946,0.9289024369545826,0.0856318666606261,0.7058993168144365,0.0399627685546875,0.054023616,0.021691646,0.019864982,0.010229324,0.00716966,0.0067129936,0.012649654,0.009635658,0.006073661,0.0044296626,0.0037446632,0.004338329,0.0039729965,0.0038359964,0.0032879969,0.0032879969,0.0037903297,0.0373553,0.38382798,0.4316866,0.5868618,0.39853263,0.18549782,0.13179387,0.10626623,0.21696213,0.20280547,0.06836294,0.022467978,0.005434328,0.009133325,0.027080309,1
0.031409565,0.0141281625,0.008640702,0.006634094,0.0070026545,0.0042998753,0.004545583,0.0029075348,0.0025799253,0.0023342182,0.0027846813,0.0024161206,0.0023751694,0.0031941934,0.01335009,0.030385787,0.048158605,0.10274655,0.12834105,0.17207693,0.32986188,0.6309351,0.5282295,0.37654623,0.07113223,0.045988195,0.04836336,0.02563545,0.0036856076,0.0030303884,0.0063474355,0.023710743,0.03606569,0.01629935,0.008825063,0.0054931515,0.0039622732,0.005538177,0.004457557,0.0054931515,0.0038271956,0.003737144,0.0033319115,0.002656524,0.010491018,0.033139013,0.09009669,0.12418124,0.12643254,0.17217878,0.28672448,0.4807408,0.49352813,0.5691265,0.17420493,0.09617517,0.049753543,0.047142044,0.03840703,0.01877577,0.0031067822,0.0032868856,0.0045926347,0.029041661,0.030338623,0.008054501,0.0060677244,0.006282511,0.0052622743,0.004295734,0.0051548807,0.0067657814,0.0070879613,0.02051213,0.12645568,0.20871899,0.21081315,0.2830352,0.3379669,0.3151458,0.3844682,0.55774736,0.28695503,0.11485719,0.10234586,0.11270932,0.11056146,0.047951132,0.04263516,0.051119234,0.044621937,0.025989192,0.009182132,0.0043494306,0.0049400944,0.03667483,183.2979319852941,0.9171581635355897,0.0764903753043955,0.7117771822493111,0.031402587890625,0.025233,0.010814143,0.006226325,0.0064135827,0.00837979,0.011656803,0.009643781,0.0073030577,0.007068985,0.0051964065,0.0032301985,0.0058986233,0.030054891,0.09433116,0.13688551,0.14283095,0.19001994,0.2985827,0.42835242,0.49862093,0.58176345,0.1465761,0.13978802,0.072983764,0.046205882,0.048312534,0.040541332,0.022283688,0.004353746,0.0031365696,0.0050091483,0.030335778,1
0.004484087,0.31047818,0.15987265,0.094823495,0.08161038,0.07975696,0.07915908,0.07371839,0.074136905,0.08107229,0.085377015,0.07557181,0.07341945,0.072343275,0.092372194,0.092730924,0.09404625,0.089681745,0.18366821,0.36608088,0.4440442,0.504968,0.284889,0.22384563,0.14378972,0.05231435,0.0,0.0,0.0,0.0,0.0,0.0,0.0748944,0.30984113,0.11688688,0.085216574,0.0746598,0.07665386,0.07090629,0.06662493,0.06633169,0.0770644,0.07448386,0.06920548,0.06316466,0.063633844,0.0705544,0.08979117,0.0886182,0.093310095,0.08967388,0.2905457,0.38755065,0.5684819,0.36379793,0.251427,0.16867368,0.091609284,0.0,0.0,0.0,0.0,0.0,0.0,0.3627649,0.1215058,0.07927085,0.07179357,0.06863909,0.069632165,0.062855884,0.0629143,0.06449154,0.07120941,0.070157915,0.061862808,0.059234075,0.060227152,0.06957375,0.08517089,0.08476198,0.08254216,0.07085891,0.23454124,0.36930752,0.5388899,0.3976394,0.2689484,0.20369746,0.12051272,0.015363473,0.0,0.0,0.0,0.0,0.0,53.43587622549022,0.9934318506716029,0.060858003464402115,0.570822235319273,0.060089111328125,0.16581237,0.2551688,0.1027303,0.08071666,0.07349713,0.07639678,0.06899972,0.06959149,0.06491655,0.07710689,0.0750949,0.06793455,0.06367385,0.06284538,0.073615484,0.08959313,0.08805454,0.09006654,0.085450776,0.28759748,0.38766482,0.5714077,0.37446848,0.2556422,0.1730319,0.097108535,0.0,0.0,0.0,0.0,0.0,0.0,1
0.0013045686,0.0074123214,0.03575704,0.043287955,0.043465853,0.044948317,0.04850623,0.057401016,0.054020997,0.06172981,0.06427965,0.07335233,0.08378888,0.09220928,0.10460268,0.12351892,0.1409527,0.22088717,0.19888741,0.2031569,0.2155503,0.22776581,0.24342063,0.3156463,0.5351696,0.44266382,0.20048846,0.0020161513,0.0,0.0,0.0,0.0,0.0012160186,0.014531422,0.041709438,0.042317446,0.044871084,0.045418292,0.0523496,0.05763928,0.05514644,0.06232095,0.06475299,0.07612276,0.08208125,0.095092654,0.10737444,0.12056824,0.14148375,0.2166337,0.19164452,0.20854719,0.20240629,0.19869743,0.22605786,0.28716278,0.44123235,0.4389827,0.42007363,0.048215136,0.0,0.0,0.0,0.0,0.011658953,0.048101146,0.049693897,0.0490568,0.050331,0.057466533,0.058039926,0.058931865,0.06746902,0.06836096,0.08186751,0.08760142,0.10098055,0.11238466,0.124617,0.15003735,0.22515158,0.17978998,0.17533027,0.18418597,0.17889804,0.17513913,0.20571999,0.27293417,0.3914987,0.42806834,0.46795088,0.11340402,0.00063710124,0.0,0.0,0.0,157.3385263480392,0.9704020592372693,0.04419234059235162,0.4557666500442835,0.113525390625,0.002284815,0.02216888,0.046499074,0.04495528,0.0456963,0.04890739,0.05588534,0.056379355,0.05854067,0.06403657,0.069902994,0.082747355,0.08669947,0.10071712,0.11158542,0.12720862,0.16283938,0.22385012,0.1862433,0.19649409,0.19680285,0.19797614,0.21921875,0.28294656,0.42133224,0.4686341,0.4021892,0.06422183,0.0,0.0,0.0,0.0,1
0.16689761,0.10771524,0.13017903,0.1649563,0.20611218,0.25325838,0.29846328,0.39669383,0.52127075,0.45681912,0.18364838,0.07659873,0.055133343,0.04365185,0.038438033,0.034999132,0.02584722,0.024294168,0.021742726,0.020688869,0.019579547,0.016861707,0.018248359,0.017915562,0.01708357,0.019080352,0.019745946,0.021742726,0.023628576,0.022796582,0.044872105,0.16606562,0.019274201,0.023665791,0.030253178,0.040134255,0.062092207,0.09472416,0.10442226,0.10045762,0.107167,0.123513475,0.14809418,0.18023819,0.20445292,0.25123554,0.32363582,0.4361703,0.45306572,0.42909497,0.21049136,0.091064505,0.05489488,0.044952806,0.039951272,0.0396463,0.03299792,0.032083005,0.033241898,0.03525471,0.03732852,0.06886257,0.14443453,0.00042696018,0.0056582512,0.005836933,0.011852547,0.020429265,0.0310906,0.060215704,0.09410565,0.12078877,0.13424945,0.16367236,0.21572827,0.27505055,0.325677,0.43479192,0.5096,0.38976416,0.15729938,0.091723226,0.06992407,0.061704718,0.06116867,0.06605264,0.05884581,0.059620097,0.055986907,0.05759504,0.059679657,0.06545703,0.092974,0.13264132,0.008755399,0.005420009,247.7260569852941,0.9469000126246009,0.0254835876828359,0.2681168440584008,0.142852783203125,0.0060715815,0.014560006,0.024698958,0.035840016,0.058063183,0.08777267,0.10640004,0.11058531,0.1390569,0.15055165,0.19175588,0.24262747,0.28901908,0.3822149,0.46627387,0.4921518,0.29108223,0.10551583,0.0666695,0.053052653,0.048277915,0.04432844,0.040320016,0.038610544,0.03589896,0.03348212,0.033953696,0.036783174,0.041911595,0.09290109,0.10250951,0.00023578957,1
0.10869186,0.122220695,0.1831773,0.25320438,0.23483284,0.22975953,0.21169546,0.2086976,0.22284138,0.19232464,0.17964135,0.19178656,0.18187054,0.19393887,0.19785915,0.19978087,0.21446273,0.22460935,0.20662215,0.1987047,0.2074677,0.1980129,0.22975953,0.22468622,0.0830947,0.025059085,0.021830615,0.01783346,0.018909616,0.019524563,0.01498933,0.019755168,0.021638274,0.05439415,0.08476235,0.10908675,0.13154578,0.16534626,0.18608917,0.22667958,0.2404087,0.24809402,0.23294723,0.20317595,0.2024298,0.20757821,0.20869744,0.22026272,0.23623027,0.24048331,0.23272339,0.22750035,0.20944358,0.21780042,0.23973717,0.2585401,0.12744197,0.044918075,0.029398208,0.023876717,0.02141443,0.015296022,0.011714514,0.010296835,0.021265263,0.09844746,0.12774457,0.1077797,0.13615887,0.14028955,0.15673569,0.19307023,0.19123438,0.18878658,0.1835085,0.18075474,0.20094909,0.20485026,0.20921041,0.21762472,0.2424087,0.2532708,0.26497436,0.2596198,0.226345,0.24462701,0.2671162,0.2670397,0.14663851,0.074963875,0.054922514,0.049644444,0.03771142,0.030368019,0.019352918,0.015681218,254.46905637254903,0.9548464361107576,0.017152851394465825,0.2527122317789812,0.156890869140625,0.011512566,0.05162086,0.080662236,0.111189105,0.1287922,0.15790784,0.19192562,0.26062965,0.26330352,0.2200757,0.21339098,0.18858325,0.19578789,0.2145051,0.21725327,0.21673334,0.23225674,0.23448497,0.2344107,0.23166254,0.21651052,0.21896158,0.24666601,0.24993409,0.12002779,0.044936147,0.03379495,0.023842152,0.019979872,0.015374846,0.011661115,0.009284328,1
0.22473614,0.15057969,0.17162846,0.18401486,0.19753465,0.22384562,0.19866805,0.18733409,0.20498267,0.21971682,0.21777385,0.20384929,0.163128,0.15470849,0.15373701,0.14216018,0.13973148,0.13471216,0.12783082,0.12451159,0.1316358,0.14564133,0.17600013,0.1816671,0.18531017,0.21494037,0.26262394,0.28278217,0.15422274,0.025501398,0.010767258,0.009310035,0.013704661,0.011104289,0.019397367,0.028604088,0.038794734,0.056716215,0.07449713,0.09255917,0.10956701,0.12636401,0.15398417,0.1984716,0.24949512,0.26144278,0.27381212,0.29960498,0.26720574,0.2563123,0.22538897,0.20015834,0.20901366,0.23283869,0.21477665,0.25610146,0.2724768,0.25132242,0.12826158,0.03359399,0.017570078,0.014056063,0.010120366,0.008574199,0.028065221,0.011949912,0.011335345,0.02267069,0.031957477,0.04377082,0.061934687,0.088907346,0.13233674,0.17282987,0.19331543,0.21509841,0.22001494,0.2243852,0.22452177,0.21673726,0.21810296,0.23517427,0.23414999,0.2515627,0.30031836,0.33541697,0.34286004,0.28297392,0.16641106,0.057223007,0.037420295,0.031342912,0.031752624,0.023285257,0.015364173,0.011949912,351.5228094362745,0.9263150504388789,0.018855718379276028,0.2316162313200646,0.12335205078125,0.0131945945,0.008961035,0.02095612,0.030058272,0.035914697,0.06166885,0.085517906,0.10266382,0.13526224,0.15868792,0.19163913,0.22769494,0.28625917,0.28999883,0.26784322,0.25126177,0.24709876,0.2220502,0.1913569,0.17223531,0.20257583,0.2355976,0.22924726,0.2753225,0.280685,0.22931781,0.08939867,0.026671425,0.021943951,0.014323544,0.011501171,0.0072676106,1
0.33218452,0.1462652,0.12235716,0.14778201,0.15861648,0.15074344,0.14857654,0.14352046,0.14424276,0.13189147,0.120695874,0.10574432,0.09974925,0.094187565,0.09389865,0.08848141,0.08710905,0.08205297,0.0806806,0.079958305,0.08241412,0.0840754,0.08660344,0.08710905,0.103505194,0.1756627,0.2978754,0.39603558,0.42998356,0.32358918,0.09093723,0.017118445,0.030117055,0.014354858,0.027091276,0.04686439,0.06227475,0.102172814,0.12877151,0.14636326,0.16676967,0.19428314,0.20554186,0.19787186,0.17845058,0.17246939,0.15023343,0.1326417,0.11110941,0.11167235,0.11336116,0.105620794,0.11322042,0.12096079,0.12286069,0.17246939,0.28111598,0.35317174,0.43740097,0.38138887,0.1795061,0.027513478,0.009781006,0.014143757,0.03649448,0.025504664,0.027370859,0.04347543,0.05011079,0.06524771,0.10975991,0.17431644,0.23431113,0.24302004,0.21164033,0.1821268,0.15606919,0.13719988,0.12655567,0.12600271,0.12116443,0.11881441,0.12033501,0.12247768,0.12531154,0.16118395,0.24744362,0.33328858,0.40067896,0.3997113,0.27868512,0.088471465,0.023914943,0.011819234,0.010436868,0.016795754,229.81237745098042,0.9715707739149956,0.02248720507863248,0.26219747129001986,0.154693603515625,0.027779156,0.012315193,0.027429294,0.05282938,0.07962892,0.09894138,0.13952553,0.18332845,0.2211137,0.22734126,0.21243708,0.17989978,0.15638895,0.13791616,0.1181139,0.113565676,0.11069679,0.11006704,0.10726813,0.11048687,0.111606434,0.11482518,0.12839988,0.19130532,0.31543687,0.3752635,0.4273232,0.3374083,0.11755411,0.015324019,0.010635848,0.013574702,1
0.15325262,0.21013376,0.2992852,0.3443632,0.3679695,0.39132467,0.38310015,0.327663,0.2422785,0.16160272,0.11853377,0.088523634,0.07734831,0.06397559,0.052549135,0.050288957,0.048719388,0.052611917,0.052360788,0.06416394,0.07263961,0.092102244,0.10371705,0.10735845,0.09404851,0.044136252,0.01619794,0.014000546,0.010673062,0.0074083605,0.0021346123,6.278272e-05,0.0075638085,0.035343613,0.06016666,0.08581485,0.112219416,0.13367313,0.1642034,0.19858435,0.23048988,0.27367234,0.2725034,0.25263122,0.2477491,0.27353483,0.2780731,0.26755252,0.24362339,0.2349594,0.25923234,0.2976015,0.21556854,0.12329008,0.054596946,0.040431995,0.028948758,0.026060758,0.020903617,0.01815314,0.018221902,0.017534284,0.009007809,0.004469523,0.009557169,0.036237597,0.06324987,0.09630175,0.13001731,0.17023706,0.20388627,0.26773345,0.26335308,0.2639504,0.26979092,0.29627222,0.32082883,0.30051985,0.2726448,0.2745031,0.31233358,0.21563362,0.14209652,0.085483566,0.059798673,0.044135537,0.035972122,0.033914674,0.027808705,0.02482209,0.022963753,0.020308983,0.019910768,0.022565536,0.021702737,0.021039044,306.38112745098044,0.9247492988406333,0.017481644896260973,0.21639037834038333,0.131134033203125,0.0076102656,0.04022569,0.066521876,0.09798217,0.12794758,0.16307712,0.20805922,0.2493721,0.28069648,0.27811444,0.26044774,0.27770674,0.30658498,0.29856703,0.26479647,0.22253232,0.21465026,0.21403871,0.2549439,0.22395925,0.12556939,0.06557059,0.034042347,0.031324398,0.026296185,0.02385003,0.01814233,0.018957715,0.019025665,0.017191047,0.01080386,0.004484621,1
0.22460061,0.18167955,0.22834885,0.31110418,0.35395175,0.35777348,0.3385178,0.27487117,0.21291491,0.17161074,0.13699462,0.1064942,0.08429872,0.08069747,0.07349496,0.067100905,0.06982022,0.07253953,0.07386244,0.075846806,0.081799895,0.082240865,0.09620491,0.118767865,0.13390782,0.17998917,0.14213926,0.11854738,0.17094928,0.14904779,0.039172817,0.0072760014,0.010028239,0.017567718,0.020788467,0.02862074,0.045236874,0.0685873,0.10694348,0.17523798,0.24646045,0.30143276,0.33766618,0.32214803,0.28166908,0.2435325,0.22867313,0.21520455,0.20664029,0.19997919,0.15767027,0.12765875,0.11887489,0.15430312,0.16747892,0.20144317,0.17135845,0.1248772,0.13578382,0.17414,0.12597518,0.043919295,0.027595958,0.009662245,0.005599172,0.009503857,0.017460575,0.04420399,0.09474388,0.17688963,0.26905495,0.3450858,0.31311157,0.28121105,0.25903538,0.2471003,0.23347072,0.21829402,0.19508693,0.17652126,0.15036723,0.1275285,0.11581445,0.12399218,0.14778866,0.15677682,0.19390815,0.17961554,0.14314725,0.14587316,0.19051918,0.14918846,0.059749056,0.031458504,0.018197307,0.007956718,244.431556372549,0.9624776478004573,0.01863073550340576,0.2665112870843135,0.102508544921875,0.0074846414,0.010609298,0.017149275,0.035097882,0.06787044,0.111833625,0.19104002,0.28274503,0.34015152,0.34683684,0.297787,0.26312512,0.24982716,0.2183626,0.22497524,0.20135866,0.1568868,0.12513158,0.10391299,0.100425,0.11677494,0.1480215,0.15616015,0.19837934,0.16575211,0.12556757,0.13486888,0.17905006,0.11648428,0.038440537,0.023834586,0.0063219788,1
0.34825754,0.19257772,0.14705692,0.14478423,0.16049258,0.18923552,0.15862094,0.15313973,0.1669096,0.19886106,0.2074171,0.15888833,0.11497177,0.08462457,0.08281978,0.08943734,0.11684341,0.18977027,0.32446104,0.3183114,0.45661175,0.22472972,0.029277695,0.020387437,0.014304628,0.0127003705,0.011430333,0.014906224,0.015641509,0.0076202224,0.0068849376,0.018716335,0.37468326,0.11813007,0.11130423,0.1292605,0.1188065,0.09593072,0.09445486,0.09451636,0.09414739,0.09851347,0.117146164,0.11296457,0.11357951,0.11007435,0.10933642,0.123357065,0.15551846,0.1963505,0.25390893,0.34916323,0.46600193,0.45591688,0.054852694,0.014943054,0.011314905,0.018571204,0.010515483,0.0054114764,0.0034436667,0.0035666549,0.0031976907,0.011191918,0.4337347,0.13724668,0.13589767,0.11906442,0.101116784,0.10011969,0.09941586,0.10322827,0.1027004,0.09882934,0.09935721,0.08404893,0.08311049,0.08281723,0.09102856,0.1027004,0.118771166,0.12252492,0.15290688,0.26094463,0.4909208,0.52329695,0.11061847,0.0399423,0.018299557,0.0065104193,0.0060412,0.00387106,0.0039297123,0.0039297123,0.0049854564,0.00193553,651.459068627451,0.9125683700195432,0.027233025737273875,0.23759665363610805,0.1376800537109375,0.38929716,0.12369035,0.117635585,0.13474958,0.12319609,0.1019426,0.10280757,0.10805915,0.10256043,0.109356605,0.11306361,0.102684,0.105649605,0.10330184,0.117017746,0.13610882,0.16323173,0.19004571,0.23496224,0.33319783,0.4706659,0.44768247,0.03991207,0.014086613,0.011429928,0.020697437,0.0069815237,0.004695538,0.0035834368,0.0035834368,0.004263054,0.008896809,1
0.6322348,0.32967052,0.23716298,0.19167511,0.1900101,0.15717626,0.13872802,0.13959382,0.13746262,0.14172503,0.14512163,0.14592083,0.15151525,0.15431245,0.16769907,0.14358982,0.13399942,0.13692982,0.13566442,0.14552124,0.129737,0.10356317,0.09030975,0.0604729,0.029770248,0.027639044,0.027639044,0.029970048,0.034232456,0.033899456,0.015251424,0.026506843,0.30381188,0.2416416,0.28994203,0.30541492,0.24665983,0.23230211,0.24108402,0.25523263,0.26087815,0.2504235,0.25091138,0.24031734,0.20602612,0.19111083,0.1773107,0.16364998,0.1252466,0.10810099,0.05993994,0.03638215,0.035545778,0.042097352,0.0407731,0.045233745,0.03470941,0.032688178,0.032688178,0.02885481,0.02536993,0.020421399,0.017354704,0.025579022,0.5927075,0.26664117,0.24376333,0.24953997,0.31245402,0.2844287,0.27024442,0.24730939,0.20195408,0.18370901,0.15905814,0.13600872,0.099461384,0.051360738,0.03980743,0.03643295,0.037462454,0.034373946,0.035975393,0.02081883,0.023335392,0.024021726,0.023621364,0.01933177,0.018817019,0.020361273,0.018531045,0.01521376,0.01572851,0.020876024,0.02018969,0.024765255,222.58089767156864,0.9620534960596246,0.021065836499469602,0.25828876397545897,0.092926025390625,0.3190763,0.3275814,0.3273114,0.25798807,0.24745795,0.2774958,0.26055312,0.2514405,0.24138288,0.23699532,0.23686032,0.20837499,0.18211718,0.17408457,0.15693937,0.12879154,0.11036382,0.0585907,0.03827296,0.039690472,0.03827296,0.038340457,0.042930514,0.031522878,0.026392816,0.027067823,0.031320374,0.027810331,0.023692783,0.018090216,0.0155251855,0.021397755,1
0.1302636,0.07350634,0.06756516,0.06250883,0.06528981,0.07167342,0.08671599,0.10529799,0.14151393,0.22424807,0.25389078,0.27342084,0.27095586,0.2789828,0.3302413,0.37258804,0.35741904,0.30635014,0.25875747,0.17008217,0.09828234,0.059032608,0.03640555,0.020225305,0.0077108974,0.005182734,0.003918653,0.003349816,0.0022753468,0.0020225304,0.0012640816,0.0012008775,0.12029411,0.06947637,0.065273404,0.06259879,0.068903245,0.06928533,0.08151215,0.094821565,0.11398965,0.17308597,0.23829569,0.25599912,0.2584827,0.26956326,0.28592935,0.34196895,0.35744354,0.35718882,0.30541587,0.2423713,0.1613686,0.08596985,0.049862515,0.021779029,0.009361162,0.00464874,0.0031840685,0.0016557156,0.0019741226,0.00095522054,0.00057313236,0.00019104412,0.09737186,0.078736104,0.06455961,0.067088746,0.059567887,0.06515861,0.075940736,0.09570796,0.106490076,0.1293189,0.18156558,0.22735631,0.25078413,0.25424507,0.26995236,0.28259805,0.28758976,0.3080891,0.33404607,0.3217997,0.30542687,0.2144444,0.14189802,0.07687253,0.03866921,0.017770533,0.006455961,0.0011980133,0.0007986756,0.0002662252,6.65563e-05,0.0,323.2655484068628,0.9150749836434371,0.02227258369147822,0.2762443607223885,0.0880584716796875,0.10609151,0.075421415,0.067705676,0.06339771,0.06558384,0.068798736,0.08268708,0.09528947,0.111171044,0.15752982,0.22947915,0.24388188,0.25622708,0.26079223,0.28831172,0.31808165,0.35023057,0.33557066,0.3436079,0.26657903,0.19958064,0.11747224,0.05503899,0.031120175,0.012538088,0.0048866393,0.0024433197,0.0018646386,0.0014788513,0.00057868095,0.0003857873,0.0,1
0.0,0.0039738403,0.09121205,0.24532254,0.41327938,0.5223116,0.4556877,0.30555105,0.17627707,0.1178492,0.099532284,0.09270224,0.08891468,0.087548666,0.0858722,0.08965977,0.081463724,0.08369901,0.07848334,0.075068325,0.07674479,0.067369014,0.07022521,0.06892129,0.06873502,0.059172966,0.057620686,0.06147034,0.06830038,0.07686897,0.12306487,0.07631015,0.0,0.0010956048,0.06587324,0.16906552,0.26027462,0.3518261,0.421397,0.39743066,0.35874212,0.27444902,0.19173084,0.14283948,0.117092766,0.105178066,0.1059313,0.103192285,0.10380856,0.10161735,0.09894681,0.10449331,0.09483829,0.09182538,0.086552784,0.08374529,0.08607346,0.07429571,0.07415875,0.07833575,0.085525654,0.0959339,0.12736407,0.03396375,0.018938653,0.1663433,0.22092694,0.32310927,0.3804293,0.38813436,0.33319068,0.3006421,0.25657195,0.18607406,0.1484848,0.1192487,0.11039146,0.107079,0.09613346,0.10038206,0.10081412,0.09771769,0.09721362,0.09764568,0.09368512,0.09130879,0.08634009,0.088140346,0.08799633,0.08360371,0.0792831,0.08309964,0.09217291,0.10045407,0.15460566,0.029092075,381.78414522058836,0.9569632155982987,0.018660527988528353,0.20271584184320712,0.157928466796875,0.00013787906,0.01613185,0.12836541,0.21984817,0.32656655,0.40122807,0.4066743,0.36793026,0.3177423,0.22419135,0.15828516,0.12788282,0.11064795,0.10016914,0.10354718,0.10120323,0.10085853,0.09686004,0.09617065,0.09934186,0.09513655,0.08810472,0.082038045,0.0852782,0.08534714,0.074385755,0.072938025,0.07817743,0.08465774,0.09361988,0.14098135,0.033573553,1
0.00095602043,0.002500361,0.0053684223,0.032357614,0.08339439,0.23893157,0.18782124,0.24054945,0.3270325,0.3541688,0.3946158,0.262685,0.2143692,0.18024662,0.17061287,0.14994812,0.14060853,0.13766694,0.13626967,0.13229851,0.124576814,0.12626824,0.12751842,0.122370616,0.12715071,0.13457826,0.13185728,0.1434766,0.13965252,0.118252374,0.10258834,0.028827693,0.0,0.0,0.0005267886,0.02347972,0.17007746,0.16909914,0.22892727,0.3437672,0.3488093,0.33812302,0.25940576,0.19461076,0.17225987,0.15419854,0.14471635,0.15028526,0.15171511,0.1590149,0.15442431,0.15984271,0.1686476,0.16428278,0.14727505,0.15555315,0.156983,0.15465008,0.15743454,0.14042678,0.13839489,0.12341904,0.07886778,0.022727165,0.67597175,0.3392751,0.2529872,0.20393683,0.19212396,0.1726957,0.16669932,0.1662196,0.15020928,0.14972956,0.1483504,0.14972956,0.14529224,0.13401905,0.12322557,0.10637575,0.09906017,0.094742775,0.08892629,0.0802915,0.069078274,0.058524653,0.043653633,0.027643304,0.020747468,0.01774928,0.0113331545,0.009054531,0.009294386,0.007915219,0.0064161248,0.008514857,221.51887254901962,0.965541093728992,0.02276608059612287,0.3050138554811783,0.12469482421875,0.0,0.0,0.0019983863,0.14181405,0.23431079,0.3440079,0.38618815,0.35421395,0.27620554,0.21975112,0.18520759,0.1809967,0.1719326,0.17528702,0.17921242,0.16857815,0.16029912,0.15665922,0.14873703,0.14359833,0.13060881,0.14631042,0.14716688,0.14209954,0.12161608,0.11619189,0.09956246,0.07915037,0.039682243,0.010206044,0.00842177,0.0073512066,1
0.15558973,0.19588132,0.20689529,0.22641373,0.23164187,0.23889157,0.29744685,0.28238976,0.18263668,0.11104589,0.08072262,0.05855527,0.06308634,0.07026633,0.10205348,0.17092563,0.25164825,0.3058816,0.30790314,0.28712997,0.24788399,0.19218677,0.13314353,0.084486894,0.045938004,0.024746574,0.010735134,0.0020215511,0.00013941732,0.00013941732,0.0,0.0,0.048458975,0.09199218,0.084470384,0.054050397,0.06263722,0.10643668,0.1754641,0.27744097,0.3571187,0.28616092,0.22565375,0.16734323,0.114291295,0.104905695,0.1161551,0.1793914,0.26978603,0.31664747,0.3432067,0.3060637,0.25041574,0.17905858,0.11442442,0.06356912,0.03574515,0.016441438,0.0062570656,0.003661049,0.0031285328,0.0015309842,0.00046595169,0.0,0.10333214,0.11631736,0.08388866,0.08959117,0.14022666,0.19113699,0.18062514,0.2166265,0.2461696,0.25530735,0.1660597,0.10992781,0.08155269,0.0562693,0.060872525,0.08608722,0.13926479,0.21868764,0.32016474,0.37554088,0.3881139,0.32167625,0.21236679,0.13740976,0.07708687,0.048917875,0.028031591,0.01786327,0.013191337,0.00872552,0.0069391932,0.0046719317,62.581832107843134,0.9881388557549765,0.023066643536686544,0.30324374875614574,0.0880584716796875,0.056393858,0.10898813,0.085457355,0.062593184,0.082657665,0.14431761,0.21657641,0.29543447,0.34036294,0.2561721,0.1704481,0.121720076,0.08312428,0.074591875,0.09585623,0.1484505,0.22744189,0.30836642,0.35296154,0.34409586,0.28416905,0.20737742,0.14298442,0.08019126,0.044395164,0.01919791,0.0057993685,0.003799586,0.0027330357,0.0019331228,0.0,0.0,1
0.012503425,0.025130646,0.07229703,0.0932186,0.16947712,0.28838345,0.45037088,0.4342774,0.37126505,0.31456637,0.2635623,0.2269186,0.19188425,0.13382378,0.11599712,0.1033699,0.087276384,0.07706319,0.07037819,0.05898893,0.059112728,0.04939472,0.04698069,0.041595552,0.034724858,0.02903023,0.031072868,0.033177406,0.027235184,0.028411247,0.032867912,0.082200736,0.0,0.00072927313,0.0047071264,0.02685051,0.07823112,0.1709814,0.33188558,0.37537676,0.35926646,0.33301264,0.31650454,0.2901844,0.24457169,0.2309144,0.2006164,0.14963359,0.12808688,0.122517884,0.112175465,0.11031914,0.10534682,0.09347956,0.07644109,0.08035264,0.0733914,0.08499347,0.07644109,0.037855905,0.024795286,0.026253833,0.032220613,0.04673978,0.007960312,0.049411308,0.085340284,0.15432966,0.1673817,0.21786872,0.2384508,0.2819098,0.25659457,0.28836408,0.25745514,0.23665793,0.22776532,0.28657123,0.3569949,0.29589412,0.2015178,0.12514184,0.118042104,0.10850407,0.098607466,0.08957144,0.072216526,0.07874255,0.088567436,0.07164281,0.047116444,0.035140116,0.029833242,0.02804038,0.038582414,0.059666485,74.42421875,0.9856236949397782,0.023433725106102435,0.3125832603928895,0.0540008544921875,0.0,0.00019903811,0.015657665,0.06455469,0.0920883,0.2395092,0.259413,0.27480528,0.3434071,0.38308203,0.37677914,0.32230905,0.25543225,0.22471403,0.18610063,0.14164878,0.12512863,0.12320459,0.1054902,0.11517672,0.10064694,0.0995854,0.08386139,0.09235369,0.07842102,0.042461462,0.037419166,0.03131533,0.025941301,0.025078801,0.033902824,0.04836626,1
0.5579894,0.21089365,0.157643,0.16637166,0.20802315,0.2875769,0.28300756,0.29566118,0.2561772,0.22014953,0.2358494,0.23625946,0.17802939,0.13239434,0.067837454,0.026244543,0.020737875,0.016578583,0.014176739,0.016109932,0.013766669,0.012536456,0.010603264,0.008904398,0.008084256,0.0072641145,0.008494328,0.009314469,0.011423406,0.013180853,0.024545677,0.123372786,0.028605532,0.045595005,0.096247345,0.18324925,0.20371564,0.18530379,0.22102119,0.1682353,0.106045924,0.10652005,0.14026193,0.16357307,0.20869395,0.24393722,0.23935403,0.19146742,0.19423315,0.24828337,0.28589728,0.2738861,0.2293974,0.21525268,0.19771005,0.18151079,0.19707789,0.15140386,0.102331944,0.07483271,0.053260025,0.044014588,0.04433067,0.1534584,0.05197099,0.10446694,0.17376159,0.271854,0.259105,0.25918,0.23300701,0.15193827,0.1451138,0.15666291,0.15853776,0.17068683,0.1892104,0.24365619,0.19873466,0.17331162,0.18966036,0.22093295,0.26067987,0.28947765,0.28085333,0.21050875,0.13806434,0.08054379,0.043571636,0.023098217,0.016273744,0.017848622,0.02152334,0.026997916,0.028047835,0.12554032,170.6133118872549,0.9754214024408235,0.020500902577689203,0.27796901827036646,0.0865936279296875,0.03014608,0.05311452,0.11234892,0.1951562,0.24675964,0.21495137,0.24827072,0.18812966,0.13728176,0.15783247,0.16531233,0.18374753,0.23247992,0.24079086,0.20966257,0.1898674,0.23202659,0.25182176,0.28438556,0.27599907,0.24079086,0.21872906,0.15473476,0.10403797,0.0674698,0.0444258,0.027879456,0.019039629,0.020852927,0.029390538,0.03437711,0.1396995,1
0.18411806,0.22299668,0.42394364,0.44815946,0.43849534,0.40172726,0.30836302,0.17328759,0.089365296,0.05231952,0.043432977,0.043710683,0.041377965,0.03998944,0.045210287,0.045765694,0.04815395,0.054929942,0.052041814,0.05903997,0.0725364,0.073869385,0.063872024,0.05542981,0.04915369,0.045876775,0.027659364,0.012052373,0.01060831,0.009886279,0.002554881,0.0,0.02690737,0.04973968,0.1662384,0.2888497,0.33721107,0.4572455,0.42146888,0.4039701,0.31947258,0.1892505,0.10834861,0.075448506,0.06729839,0.06592006,0.06574028,0.064361945,0.06376267,0.05489343,0.052736048,0.05129779,0.057410378,0.06657926,0.07466945,0.08653506,0.07395032,0.06454173,0.058429144,0.033259667,0.013124084,0.012404957,0.020435218,0.03589647,0.008975773,0.03640523,0.07212002,0.21002053,0.22043996,0.2162973,0.28753856,0.36493108,0.4199783,0.4459641,0.34490818,0.20204903,0.097289845,0.04362351,0.028684812,0.020148413,0.018767525,0.01889306,0.02316126,0.031321052,0.039543614,0.053478032,0.06998592,0.08862791,0.090008795,0.09126415,0.091389686,0.08279052,0.08674488,0.094841905,0.10011439,0.11323283,246.17919730392157,0.9648098509267399,0.017829322785293734,0.15244015965663105,0.08380126953125,0.02062092,0.043121982,0.14659047,0.28050515,0.2781398,0.40884006,0.4462003,0.41429853,0.3598957,0.22767921,0.11820639,0.07023243,0.059861317,0.06143821,0.050036054,0.044941474,0.047731362,0.054281536,0.06125626,0.06817033,0.08302952,0.09139919,0.103407845,0.10443889,0.087275006,0.0770252,0.06071041,0.02826279,0.014616593,0.018558828,0.029475786,0.014495294,1
0.054502808,0.16867745,0.16396451,0.1679933,0.14252827,0.11090599,0.09060997,0.08346455,0.06970582,0.06742537,0.06719732,0.07282244,0.08186823,0.090990044,0.11531486,0.11554291,0.117747344,0.12762931,0.17133798,0.18410851,0.14762127,0.13903157,0.11919163,0.13302638,0.22500461,0.267269,0.28163585,0.24340026,0.24583274,0.25305417,0.20083182,0.4614875,0.10911396,0.27921945,0.19194387,0.1370359,0.12401087,0.09335913,0.07237867,0.06902492,0.058027726,0.055063944,0.052490134,0.06707506,0.09117529,0.11238972,0.13758187,0.12050112,0.12720864,0.16503584,0.176579,0.19311377,0.22867917,0.20333102,0.14038967,0.17478512,0.190306,0.23468472,0.21557613,0.26252866,0.19436169,0.18944804,0.25847298,0.38653955,0.19258307,0.28308868,0.15112369,0.116408154,0.10399333,0.0825356,0.07196001,0.07249645,0.07579175,0.069737606,0.06812827,0.08889629,0.12146605,0.14185089,0.16438149,0.20231569,0.21381089,0.14269386,0.17855892,0.20208578,0.212738,0.18170094,0.14905454,0.166374,0.16553101,0.14047146,0.16054976,0.15610494,0.14591253,0.15418908,0.12989587,0.515905,299.0258272058823,0.9752353918638855,0.027405638874924,0.32222152293359174,0.1153411865234375,0.104069166,0.281622,0.19606097,0.13677214,0.123518415,0.092305504,0.07677748,0.071601465,0.05968096,0.056543984,0.053014886,0.07356208,0.09301133,0.12328314,0.13716425,0.11795028,0.13661529,0.17151414,0.19943322,0.26436862,0.22727388,0.15261386,0.15473132,0.18374835,0.19339454,0.22147048,0.20688353,0.2238232,0.21041264,0.179435,0.23841015,0.37855452,1
0.06970666,0.17575037,0.3642663,0.39942756,0.39203697,0.3704811,0.3455659,0.29500756,0.2503841,0.19618647,0.15984942,0.12373632,0.099045046,0.07345794,0.06371581,0.05587731,0.05722105,0.053861693,0.04876667,0.0329217,0.01959625,0.011589782,0.0052070036,0.0030234214,0.0011757751,0.0006718715,0.0005039036,0.00027994643,0.0,0.0,0.0,0.0,0.0,0.005220879,0.017645247,0.09946104,0.2371865,0.26659524,0.2693709,0.2888005,0.2852318,0.25489783,0.25807002,0.26342306,0.27260917,0.26454654,0.26500916,0.24604216,0.2172282,0.18273075,0.148762,0.13693242,0.11366976,0.08901928,0.06734273,0.04064355,0.020883515,0.011300889,0.004361747,0.002775657,0.00079304486,0.00033043534,0.00019826122,0.0,0.0,0.00013550001,0.0054877508,0.031232754,0.17174627,0.24742302,0.25866953,0.27953652,0.2886828,0.29728702,0.28034952,0.27757177,0.27377778,0.27520052,0.26029554,0.23969953,0.21205752,0.18021502,0.15494427,0.12208551,0.10006676,0.08550051,0.07547351,0.08062251,0.08069026,0.06693701,0.045663506,0.028929252,0.012262751,0.0047425004,0.0023035002,0.00047425006,792.7334099264708,0.7729237158607837,0.010133089692570017,0.06691371093355476,0.2992095947265625,0.0,0.0029330393,0.013817875,0.09763762,0.24422441,0.26997,0.2894584,0.29917002,0.3004736,0.27929053,0.2747932,0.2739459,0.2800727,0.2635173,0.24722263,0.22069493,0.18875737,0.14912876,0.124165334,0.10317781,0.09300994,0.084601894,0.06732955,0.050774172,0.028222358,0.013948232,0.0064526866,0.00338929,0.0011732158,0.00019553596,0.0,0.0,0
0.022405626,0.015675578,0.014505135,0.016929625,0.076873034,0.8755333,0.27530494,0.21494353,0.1789524,0.10717915,0.09697957,0.053255163,0.025164528,0.027756223,0.03168557,0.024495702,0.02085897,0.017849257,0.01274947,0.008945529,0.011077409,0.0189779,0.02796523,0.03415186,0.047277544,0.063036725,0.09121096,0.089037284,0.09952947,0.088786475,0.042386763,0.008025896,9.902436e-05,0.0031687794,0.011734386,0.014655605,0.6531647,0.6024642,0.20720847,0.20928797,0.1114024,0.08471534,0.067930706,0.06862388,0.06837632,0.0788729,0.061444614,0.04916559,0.04362023,0.03812438,0.054017786,0.068673395,0.026786089,0.03069755,0.033569258,0.04703657,0.0642173,0.083725095,0.11769045,0.11769045,0.12779093,0.07525851,0.022181455,0.0014358532,0.0015269923,0.002726772,0.009107418,0.64330006,0.46693245,0.32906684,0.28347522,0.16562414,0.11321557,0.08496622,0.061079696,0.04319207,0.041283328,0.039538193,0.03566618,0.038829233,0.04330114,0.048645616,0.04870015,0.06287936,0.07269575,0.08245759,0.11054334,0.12875818,0.123413704,0.12924899,0.12734026,0.116487704,0.07869464,0.029230997,0.0061625047,0.0059443633,259.2117800245099,0.9721488099029985,0.10649562687429336,0.588264522963356,0.0652618408203125,4.7275505e-05,0.0006145816,0.00652402,0.014749957,0.8224992,0.3310231,0.2748598,0.17473027,0.093038194,0.082212105,0.06637481,0.064247414,0.059756238,0.050868444,0.05238126,0.054555934,0.05082117,0.037253097,0.037914954,0.04618817,0.07545171,0.07166967,0.044249874,0.058763452,0.07204787,0.09908946,0.10381701,0.109631896,0.09057987,0.043398913,0.008698693,0.00018910202,0
0.012514428,0.0023916464,0.001585161,0.0013626822,0.001418302,0.0012236331,0.0012514428,0.0018354495,0.0023360266,0.004366145,0.0050613913,0.006145975,0.00700808,0.008009234,0.008315142,0.0084541915,0.0084541915,0.007814566,0.009093818,0.009705635,0.010845838,0.023916464,0.080259204,0.21060392,0.49757367,0.83521295,0.050085526,0.0043105255,0.0008899149,0.0004727673,2.7809841e-05,0.0,0.012881779,0.0012386326,0.0010734816,0.0009909061,0.0009633809,0.00077070476,0.00082575507,0.0009633809,0.0009633809,0.0016515101,0.0021469633,0.002587366,0.002752517,0.003082819,0.0033855957,0.0062482134,0.0097714355,0.027690321,0.08973205,0.20065849,0.33327475,0.90054095,0.16828889,0.010734816,0.0062757386,0.0041287756,0.0039911494,0.002917668,0.0014313088,0.00085328025,0.0006606041,0.00041287753,0.013791535,0.0019952222,0.00080508966,0.00059506623,0.00056006236,0.00063007016,0.00049005455,0.00042004677,0.00091010134,0.0012601403,0.0029403274,0.028353157,0.15513727,0.3195856,0.54816103,0.6322754,0.41066572,0.019287147,0.012811426,0.010606181,0.007945885,0.0060206703,0.0052855886,0.0043404833,0.0041654636,0.004830538,0.005495612,0.0072808107,0.008540951,0.011341263,0.018097015,0.0493905,75.86393995098041,0.8977474483359494,0.14997951744646545,0.7617427336241542,0.0219879150390625,0.012185354,0.0009840903,0.0011577533,0.0015050792,0.0008972588,0.00095514645,0.00095514645,0.0007235958,0.000868315,0.0010998657,0.0011288094,0.0015050792,0.0021128997,0.0018813491,0.0026628326,0.0061650365,0.037916422,0.13482037,0.25082725,0.58805186,0.75488406,0.032272372,0.013777264,0.010853937,0.009580408,0.008538431,0.006657081,0.005007283,0.0038205858,0.0017076861,0.00095514645,0.00040521365,0
0.0018829887,0.0051109693,0.011096183,0.10907885,0.45474178,0.3132486,0.23833257,0.2181577,0.19367884,0.22232716,0.20753226,0.18547438,0.17182271,0.1585073,0.15844005,0.14465389,0.18184291,0.23584433,0.28823176,0.26993987,0.17007422,0.0665771,0.033759296,0.022595864,0.024008106,0.025689345,0.032750554,0.040484257,0.021856118,0.16940174,0.027975831,0.002151987,0.0011304647,0.004255867,0.019350896,0.29990563,0.46322453,0.27370545,0.24491185,0.20680854,0.23227724,0.21538678,0.1985628,0.17322709,0.15753359,0.14383501,0.12707753,0.15394269,0.1857952,0.25242612,0.25548503,0.2145888,0.106529675,0.048543483,0.02912609,0.023207774,0.026665667,0.02786263,0.026798664,0.036374364,0.019550389,0.18353426,0.006383801,0.0,0.0019056374,0.007813114,0.06206026,0.54005766,0.4100932,0.27822307,0.23769651,0.22975636,0.19564545,0.15867607,0.14698817,0.13898449,0.120690376,0.1007447,0.11122571,0.120118685,0.14775042,0.20555477,0.21298675,0.19545488,0.12767771,0.055517573,0.03353922,0.027631743,0.027631743,0.019119896,0.022677086,0.025408499,0.059138283,0.13758703,0.004382966,0.00019056375,877.2961243872548,0.8664215356063871,0.024630073618295466,0.17366082674538202,0.1894989013671875,0.00085848174,0.004688631,0.018292265,0.34094933,0.46371222,0.28323293,0.23390326,0.21772417,0.23106366,0.22036566,0.1887339,0.15439464,0.15498897,0.13504578,0.11787615,0.14653623,0.17328124,0.23172404,0.24783708,0.21627136,0.11899877,0.051046643,0.030839305,0.024763897,0.02826386,0.02582049,0.024631822,0.034273233,0.0242356,0.1814038,0.0020471488,0.0,0
0.4703237,0.17433238,0.13874224,0.17551872,0.21265109,0.28098416,0.33567435,0.27113757,0.23252226,0.23447971,0.29492363,0.2828823,0.1625283,0.19835572,0.20612624,0.033632684,0.024675831,0.018922092,0.017201902,0.012990402,0.014236056,0.010024557,0.010380458,0.010499092,0.011032944,0.011863381,0.010024557,0.010439775,0.0077111972,0.0065841763,0.0049233027,0.0010677043,0.017084664,0.033135734,0.039337285,0.037574098,0.034169327,0.038121294,0.039276484,0.039458886,0.06104271,0.2134063,0.26089072,0.28362972,0.3015656,0.25675634,0.28393373,0.32199422,0.42766377,0.31755584,0.33470133,0.12986776,0.08834169,0.11004712,0.10566956,0.06554188,0.032588538,0.02243502,0.020489436,0.01884785,0.015139079,0.013193495,0.013436693,0.0076607387,0.00020683356,0.0013444182,0.0056879227,0.010755345,0.016339852,0.013289056,0.014116391,0.014323224,0.014840308,0.014478349,0.014374932,0.014064682,0.016339852,0.017063769,0.015822768,0.020217981,0.025026862,0.0979874,0.22503491,0.24861394,0.1935445,0.27948385,0.21500349,0.581616,0.27152076,0.12927097,0.09266143,0.072908826,0.058327064,0.068255074,0.1318564,0.49438393,422.3088388480393,0.8554084068959674,0.04408582549523906,0.46510037224774947,0.088226318359375,0.0015486988,0.012102794,0.024549743,0.024951257,0.022370093,0.023746714,0.02409087,0.029425275,0.0320638,0.036136303,0.046002086,0.21366306,0.2826662,0.26884264,0.29230255,0.23505805,0.28128958,0.40960214,0.45072868,0.38000476,0.11712751,0.0961914,0.10812211,0.10990025,0.090512834,0.040897116,0.02690147,0.02323048,0.016920967,0.0155443465,0.015429628,0.0071699014,0
0.0027742498,0.040688995,0.044245727,0.059112858,0.07597176,0.072059356,0.12135564,0.22421628,0.117300965,0.09944618,0.12818456,0.13828568,0.14234035,0.19334386,0.2104873,0.22421628,0.1280423,0.12626393,0.13657844,0.17940149,0.24093291,0.2195214,0.3151263,0.22791529,0.178619,0.13857022,0.11915047,0.038626093,0.019633152,0.043818917,0.126833,0.5288147,0.0015157,0.033850633,0.034933276,0.07802246,0.23709878,0.13273202,0.09570563,0.071887486,0.06474204,0.060411472,0.06762909,0.16672699,0.15120912,0.17394462,0.21602334,0.2370266,0.2609891,0.2012994,0.227355,0.26033953,0.31663695,0.32118404,0.25853512,0.14868295,0.10660423,0.05167815,0.019415395,0.056874838,0.16391213,0.33027825,0.18202835,0.0008661143,6.338337e-05,0.006845404,0.032452285,0.092032656,0.13621086,0.06693284,0.051277146,0.050453164,0.051784214,0.059580367,0.057995785,0.14806356,0.20003791,0.24180755,0.32116354,0.42904204,0.3700955,0.2615198,0.2290675,0.19838995,0.12099885,0.066235624,0.07263734,0.14717619,0.23394802,0.35710192,0.1395068,0.010965323,0.00050706696,0.0,0.0,0.0,80.95039828431372,0.9872961875839514,0.04112752789297595,0.5372770082665448,0.0375518798828125,0.0002105452,0.021966882,0.030107964,0.049197394,0.19271904,0.13938092,0.10120206,0.07397155,0.06660247,0.05860175,0.06239156,0.15439981,0.14429365,0.18170051,0.24816261,0.2935702,0.24640806,0.24296916,0.25461933,0.32557306,0.295816,0.26914695,0.21840556,0.15362781,0.04323195,0.018527977,0.06435665,0.15825981,0.32753816,0.16183908,0.0006316356,0.0,0
0.0,5.1382696e-05,0.00015414809,0.00020553079,0.033039074,0.11114077,0.19294202,0.29801965,0.32602322,0.41357931,0.56017417,0.40813276,0.22274399,0.11206566,0.06690027,0.06345763,0.063354865,0.06273827,0.062224444,0.06957217,0.06910972,0.06587262,0.05415736,0.043675292,0.032730777,0.017367352,0.010379305,0.005446566,0.0016442463,0.00041106157,0.00010276539,0.0,0.0,0.00020546542,0.00030819813,0.0005136635,0.001027327,0.046435185,0.13689134,0.22133762,0.3348059,0.2940724,0.43532985,0.56847143,0.38144654,0.1476269,0.059225406,0.055013366,0.05336964,0.058711745,0.06348881,0.068265885,0.077974126,0.08156977,0.08495995,0.07478941,0.054037403,0.032566268,0.02028971,0.010273271,0.002876516,0.00046229718,0.0,0.0,0.0002143793,0.00026797413,0.0004287586,0.0005895431,0.0012862758,0.040464092,0.090521656,0.16855572,0.23946168,0.35152844,0.31111795,0.46525666,0.52651554,0.3356644,0.1273413,0.05354123,0.04078566,0.047752988,0.059490256,0.06983405,0.08307198,0.08526936,0.0890746,0.09641709,0.090468064,0.06801183,0.039713763,0.01956211,0.008789551,0.0013934654,0.0,0.0,104.64189644607843,0.966622305957403,0.048402299663544576,0.4709433541529906,0.0538787841796875,5.2015926e-05,0.00015604778,0.0004161274,0.00036411147,0.0011963663,0.05055948,0.12983175,0.20197785,0.32577574,0.30918267,0.39682952,0.56478894,0.41784394,0.17414932,0.06933723,0.051131655,0.056541312,0.058777995,0.067360625,0.06949328,0.082549274,0.08369362,0.08749079,0.08005251,0.060078394,0.034538575,0.021170482,0.010143106,0.0029649078,0.00046814335,0.0,0.0,0
0.0,0.0002783314,0.0015772113,0.06345956,0.91852456,0.32688478,0.1683905,0.07434541,0.039770465,0.026225004,0.020998558,0.01781321,0.013947496,0.011999176,0.00850457,0.008937531,0.009432342,0.009648822,0.01023641,0.011071405,0.013328982,0.01478249,0.018060615,0.024431312,0.032131813,0.038131405,0.035502717,0.031173117,0.024833348,0.022050032,0.018277096,0.011999176,0.0,4.402063e-05,4.402063e-05,0.00074835075,0.51160777,0.51033115,0.48295036,0.37760898,0.20315522,0.13509932,0.11176838,0.093675904,0.08509188,0.070917234,0.058767542,0.0445929,0.03416001,0.022758666,0.015055056,0.011533406,0.0074394867,0.006559074,0.00488629,0.0056786616,0.0041379393,0.0063829916,0.0063389707,0.009552477,0.011621446,0.015715366,0.02293475,0.013778457,0.1133094,0.05172968,0.04408741,0.07078441,0.8610631,0.40483654,0.21333823,0.12652203,0.068814404,0.04306844,0.033897717,0.02645924,0.021398358,0.016914893,0.014299537,0.013552293,0.009170725,0.007200717,0.0031248396,0.0020039731,0.0025813892,0.0026153547,0.0023436297,0.0019360419,0.0020719045,0.0033965646,0.0037701868,0.0049589844,0.0076083047,0.012906946,0.02020956,0.01599782,141.01305147058824,0.9541640322282812,0.0717646665786575,0.3404285492706595,0.05535888671875,0.0,3.9472503e-05,7.8945006e-05,0.0013025926,0.61632365,0.57183814,0.4200269,0.23647976,0.15682426,0.113838695,0.09951018,0.07274783,0.052340537,0.04223558,0.033630572,0.023880864,0.020723063,0.011683861,0.009039204,0.0066313804,0.005249843,0.0041051405,0.0036314703,0.0042630304,0.0041051405,0.0043419753,0.0055261506,0.0078945,0.010420741,0.015078496,0.02143357,0.011644389,0
0.0006815433,0.006629558,0.039901264,0.12255388,0.25272864,0.33469972,0.34882626,0.34851646,0.31289035,0.29424083,0.28736344,0.2545874,0.2241658,0.19300067,0.1811666,0.17342179,0.16604874,0.15241787,0.121996254,0.09064526,0.07261534,0.04807978,0.022181137,0.007063267,0.0025402978,0.0014870036,6.195848e-05,0.0,0.0,0.0,0.0,0.0,0.0,6.628832e-05,0.00092803646,0.011733032,0.05992464,0.14961274,0.22657347,0.3058543,0.36584523,0.37240776,0.330845,0.2944527,0.2479846,0.20516235,0.18805996,0.17606176,0.17301251,0.16055031,0.14603317,0.14145927,0.15511467,0.1486847,0.14205587,0.11693259,0.08325813,0.05879774,0.04534121,0.02797367,0.008020886,0.001458343,6.628832e-05,0.0,0.0,0.0,0.0009077428,0.00687291,0.04545198,0.10588171,0.15444596,0.21325472,0.2721283,0.32899192,0.34195969,0.3351516,0.31835836,0.2913206,0.26142994,0.22375861,0.20813246,0.19308986,0.17778791,0.16793242,0.15528886,0.12786207,0.10192655,0.07009071,0.05238973,0.036633905,0.02379583,0.013356787,0.009077428,0.00739162,0.0031770999,0.001426453,404.7883578431373,0.8881005085042919,0.0127933148245483,0.1071902816331605,0.1524505615234375,0.0,0.0,0.0008350027,0.009506185,0.047916308,0.13180196,0.19519794,0.2774778,0.34408534,0.38024738,0.36791503,0.31723678,0.26264045,0.2223034,0.19545485,0.18980253,0.17213902,0.16635823,0.16077013,0.15421857,0.15588857,0.13475658,0.11323921,0.07778371,0.054275174,0.03969474,0.025307003,0.009827339,0.0022480842,0.0005138478,0.0,0.0,0
0.06870082,0.11823617,0.15059632,0.18826383,0.2678005,0.24421224,0.22165596,0.23050156,0.30708972,0.3657655,0.32662374,0.2926419,0.24907732,0.19541402,0.15560882,0.13025144,0.11993158,0.10459921,0.11071741,0.10961171,0.11115969,0.10887458,0.11764646,0.10113468,0.09759644,0.08499146,0.07290248,0.062508896,0.045997113,0.03213901,0.019018037,0.019607743,0.0122036105,0.05942942,0.08535306,0.12658538,0.16160758,0.21915951,0.23287955,0.2264528,0.20219,0.2143214,0.3141888,0.34141225,0.35635987,0.3255259,0.2574312,0.20255105,0.16427937,0.1348174,0.123769164,0.12340811,0.12174726,0.114815034,0.10145605,0.09798994,0.08968571,0.075460196,0.07531577,0.06166795,0.051052976,0.034011245,0.019424682,0.005849068,0.024644434,0.083278805,0.13554439,0.2097546,0.21792327,0.27731913,0.3309692,0.374097,0.3952109,0.3457836,0.27288866,0.20864698,0.16316554,0.13367529,0.12654503,0.11920707,0.11256138,0.09726245,0.08930147,0.08410952,0.080786675,0.0771177,0.07870989,0.079886734,0.08320958,0.07538705,0.06348019,0.06278793,0.048042804,0.03835117,0.02727502,0.019867845,725.5811887254902,0.8778913576790884,0.0145595314184706,0.15968875835161458,0.1880950927734375,0.016655343,0.06619431,0.101853825,0.14114335,0.20292471,0.23431362,0.223993,0.22235593,0.26926136,0.33467275,0.3464169,0.38769937,0.2984438,0.2325342,0.18185641,0.13623215,0.12455919,0.11395386,0.12071565,0.11644504,0.10420266,0.09274321,0.09373968,0.092814386,0.08719143,0.07245786,0.071390204,0.059859585,0.053026624,0.0360154,0.024484776,0.0044841305,0
0.00029404523,0.001911294,0.00338152,0.006616018,0.013379058,0.022972284,0.03745401,0.048407197,0.04759857,0.042930603,0.038997747,0.033263866,0.031021772,0.033300623,0.0334844,0.031132039,0.028963454,0.02705216,0.02833861,0.02900021,0.030764481,0.7470954,0.033962224,0.04090904,0.06876983,0.17480989,0.59330976,0.17929408,0.0004043122,0.0,0.0,0.0,0.0,0.00036144225,0.0005421634,0.0009758941,0.0013734805,0.0019879325,0.0024939515,0.00795173,0.015433584,0.018614275,0.023999766,0.02960212,0.035276763,0.047095925,0.05840907,0.05989098,0.05490308,0.04695135,0.04319235,0.039288774,0.7497758,0.045794733,0.052987434,0.083926894,0.24238318,0.57328355,0.13145655,0.00079517293,0.0,0.0,0.0,0.0,3.7148115e-05,0.00037148115,0.0005200736,0.0004829255,0.0008544066,0.0017831095,0.0017459614,0.004272033,0.008544066,0.012073137,0.014933542,0.013299025,0.014747801,0.017793948,0.022177424,0.031650193,0.044206258,0.058025356,0.06727523,0.16828096,0.7204505,0.07076716,0.071993046,0.11118431,0.3839629,0.5137584,0.07864256,0.00070581416,0.0,0.0,0.0,0.0,44.143229166666664,0.9805274161564159,0.13683817583941935,0.5345348987339285,0.029541015625,0.0,0.00036161437,0.00054242153,0.0008678745,0.0013018118,0.0019165562,0.0022058475,0.0058219912,0.012692664,0.016742745,0.019527176,0.026144719,0.031062674,0.04274282,0.055435482,0.061763734,0.063354835,0.053048827,0.04603351,0.04256201,0.7498797,0.045708057,0.05286802,0.08208646,0.22174193,0.57446057,0.15777235,0.0012294889,0.0,0.0,0.0,0.0,0
0.14601466,0.42848077,0.69987375,0.34160686,0.21567486,0.1696206,0.14374968,0.1281466,0.114607155,0.11047989,0.09457482,0.07570012,0.0727305,0.074240476,0.07212651,0.066086605,0.05581877,0.048721883,0.049023878,0.0476649,0.047765564,0.04590326,0.032414146,0.013791111,0.0034729443,0.00030199514,0.0,0.0,0.0,0.0,0.0,0.0,0.42714307,0.67794985,0.30790618,0.20709012,0.19911301,0.18121697,0.17140302,0.15922743,0.15628849,0.12626934,0.10044868,0.08622632,0.078144245,0.07121675,0.065443836,0.060668062,0.055210035,0.050906595,0.049647048,0.04613082,0.046760593,0.045448568,0.033430412,0.01537694,0.008082078,0.008082078,0.003988558,0.00057729124,0.0,0.0,0.0,0.0,0.5946361,0.5120321,0.31660172,0.23416686,0.19841878,0.1833076,0.16825281,0.15122454,0.118634015,0.089652136,0.0788826,0.07408988,0.076909125,0.07482288,0.08373171,0.08305509,0.08773504,0.09032875,0.09867373,0.08034861,0.07318772,0.06371504,0.045728225,0.032252215,0.023343386,0.014885637,0.009810988,0.009754603,0.0086832885,0.009641834,0.005751269,0.0029884044,195.6743412990196,0.9580042523148103,0.03994296932124738,0.25038692894691683,0.0708465576171875,0.32333416,0.69521683,0.3616676,0.20903279,0.17322625,0.16779613,0.16569935,0.15731223,0.16102192,0.1427423,0.13118313,0.13155948,0.11069921,0.08844109,0.072365776,0.065268986,0.06279586,0.057311974,0.05231196,0.04833346,0.049677547,0.037473213,0.01908607,0.011075297,0.008279591,0.0075806645,0.008118301,0.00435485,0.0004838722,0.0,0.0,0.0,0
0.09730404,0.17981252,0.14422324,0.17121512,0.16055167,0.08917315,0.0803758,0.09357183,0.1324268,0.19914004,0.27211806,0.2980436,0.20313884,0.18287827,0.19827363,0.19887346,0.19214214,0.20653781,0.26065487,0.2663198,0.34622908,0.38355118,0.007331126,0.00333233,0.0005331728,0.0,0.0,0.0,0.0,0.0,0.0,0.0,0.021334497,0.16585426,0.12087347,0.11598569,0.15528609,0.13586707,0.09425489,0.09874636,0.11697646,0.16783579,0.24762549,0.2838215,0.2116937,0.1652598,0.19227469,0.18950054,0.20482439,0.24049197,0.3002682,0.34452242,0.37404725,0.3227916,0.02886432,0.01961717,0.007794027,0.0021796855,0.00013210216,0.0,0.0,0.0,0.0,0.0,0.018934006,0.14407812,0.09722681,0.0841665,0.075943336,0.10323871,0.10123474,0.14241967,0.13495663,0.18325907,0.26086086,0.2843556,0.20233129,0.15361422,0.17710897,0.17427579,0.18878725,0.22527322,0.28953826,0.35670564,0.41288573,0.30695203,0.058805984,0.06778927,0.0810569,0.0749068,0.064679675,0.038489934,0.018242985,0.004491644,0.0017275554,0.00034551107,46.57826286764705,0.9904380787419982,0.046892513028288216,0.5622244054596924,0.03497314453125,0.021123217,0.16050997,0.10965533,0.09800114,0.12726904,0.13766511,0.107205294,0.10343093,0.11866084,0.16951548,0.25023398,0.27658835,0.20090233,0.1563383,0.19361846,0.1832224,0.20202802,0.23553382,0.29148716,0.34797025,0.3996857,0.332939,0.049331654,0.03290984,0.022116473,0.008806859,0.0023838114,0.0004635189,0.0,0.0,0.0,0.0,0
0.021836417,0.010918208,0.013717748,0.033244543,0.054451063,0.065509245,0.098193884,0.11415126,0.13549776,0.20723599,0.25741774,0.2670062,0.26231694,0.22228351,0.22935236,0.15579443,0.1182106,0.13416798,0.14025699,0.13374805,0.13682754,0.13801734,0.13885722,0.1242996,0.096864104,0.06781887,0.08153662,0.21269509,0.37940773,0.46654344,0.06858874,0.0,0.005984797,0.004058656,0.004815354,0.0074294037,0.017266484,0.034808133,0.04877266,0.057371505,0.08392475,0.06982264,0.06555761,0.10841426,0.116600364,0.1871109,0.195297,0.21559028,0.27715802,0.25074238,0.25927243,0.192339,0.15670538,0.16791828,0.17142661,0.20100664,0.195297,0.15409133,0.17349033,0.26415658,0.35158965,0.42099953,0.049254194,0.0,0.005905036,0.0048629707,0.00687763,0.006460804,0.018131934,0.032790318,0.04807394,0.055437867,0.10156662,0.13394012,0.15353094,0.1811804,0.22154306,0.21751374,0.19208734,0.17485854,0.14317976,0.13678841,0.12164374,0.11004208,0.11351563,0.14887637,0.16061698,0.17631742,0.19743662,0.28844362,0.29156983,0.35339904,0.36270815,0.347494,0.045781396,0.00027788404,120.48270526960783,0.980200326738768,0.041856964506798766,0.4543466577124943,0.0695343017578125,0.0025980312,0.0044938917,0.0063897525,0.00786431,0.018888388,0.03721504,0.05160954,0.063406006,0.086226545,0.0901587,0.10525537,0.128427,0.18080893,0.209949,0.2383167,0.26942286,0.21331942,0.2140216,0.17800024,0.14633235,0.15237102,0.16774856,0.16767834,0.1959056,0.19990796,0.17652568,0.21458334,0.27749783,0.35487702,0.3972179,0.044728268,0.0,0
0.0004149116,0.0007260953,0.00093355105,0.0015213424,0.0012793107,0.0017979502,0.0013830386,0.0014867665,0.0021782857,0.0029043811,0.0028006532,0.0033884447,0.004183692,0.0029043811,0.0040453877,0.0044948757,0.005186395,0.0074338326,0.0101307575,0.01953542,0.044533845,0.09663983,0.30575526,0.63910216,0.6356791,0.2608065,0.076136276,0.07886778,0.04370402,0.0054975785,0.00051863946,0.0,0.0,0.0,7.071073e-05,0.00035355365,0.0001060661,0.0004242644,0.0003181983,0.00028284293,0.00053033046,0.00053033046,0.0004242644,0.0007424627,0.0010606609,0.001343504,0.001732413,0.0027577186,0.003959801,0.0040305117,0.004737619,0.0053386604,0.012940064,0.09570698,0.37041816,0.6371744,0.5908942,0.26113474,0.10171739,0.105641834,0.090226896,0.01923332,0.0029698508,0.00024748757,0.0,0.0,0.00013701267,0.00013701267,0.00022835446,0.00031969624,0.00022835446,0.00036536713,0.00027402534,0.00036536713,0.0005480507,0.00063939247,0.00068506337,0.00082207605,0.0010047596,0.0011417723,0.0018268357,0.0036993423,0.029320711,0.13262826,0.44533685,0.46086496,0.27101105,0.31453544,0.39432248,0.37221777,0.21670838,0.22488347,0.07846259,0.023611851,0.0092711905,0.0074900263,32.199617034313725,0.9389982802434488,0.0884667824351113,0.6548948927923945,0.025665283203125,0.0,0.0,0.00011122352,0.00033367056,0.00014829803,0.00040781958,0.00029659606,0.00022244704,0.0005561176,0.0005190431,0.0004819686,0.0006302666,0.0010380863,0.0014459058,0.0014459058,0.0026693644,0.0038557488,0.0037815997,0.0047084624,0.008415913,0.034998335,0.19074833,0.5022854,0.6383118,0.46120688,0.2318269,0.117489114,0.12438497,0.0811561,0.014162462,0.0019278744,0.00014829803,0
0.0,0.0003539796,0.00028961967,0.00016089981,0.00012871985,0.0002574397,0.00064359925,0.0016411782,0.0063716327,0.0088494895,0.0124214655,0.012775445,0.020337736,0.042059213,0.07868001,0.22287843,0.9173864,0.2107144,0.116555825,0.1199669,0.11169665,0.09406203,0.06526097,0.040321495,0.017184101,0.005470594,0.0015124583,0.0005470594,0.00032179963,6.435993e-05,3.2179963e-05,0.0,0.00066586677,0.00044391118,0.00013317337,0.00031073784,0.00035512896,0.0010209958,0.0035956807,0.038531493,0.5999016,0.6577432,0.2304343,0.18786322,0.13468266,0.12283023,0.08230113,0.10027954,0.10649429,0.1059616,0.10711577,0.10778164,0.0994805,0.083899215,0.057131372,0.034047987,0.016069585,0.010431913,0.01029874,0.0068806233,0.002219556,0.00031073784,0.0,0.0,0.0,0.0005388456,0.0003918877,0.00034290174,0.0002449298,0.0003918877,0.00044087367,0.0040168487,0.094738856,0.6112468,0.6186437,0.21421562,0.19261281,0.16273136,0.1155089,0.118741974,0.08641124,0.08337411,0.09836382,0.10193979,0.10267458,0.10482996,0.11114915,0.1099245,0.09669829,0.06936412,0.044822156,0.025717631,0.014597817,0.0116096735,0.010189081,0.0038698912,74.98334865196077,0.9728364642495849,0.06694247732698679,0.40612835908695755,0.093017578125,0.0003117081,0.000489827,0.00035623784,0.00013358919,0.0004452973,0.00035623784,0.0013358919,0.0044084433,0.042036064,0.47922894,0.7390599,0.24789701,0.19998302,0.14570127,0.117692076,0.08091052,0.09832165,0.10491204,0.1054464,0.10891972,0.10865254,0.104511276,0.08727827,0.058645654,0.035267547,0.017366596,0.01166679,0.010909784,0.0050763893,0.0008905946,8.905946e-05,0.0,0
0.002516097,0.0027615698,0.013746481,0.97831166,0.19887394,0.04516701,0.02307445,0.017264925,0.011394032,0.0076096593,0.0049708257,0.0029865867,0.0024138165,0.0020251512,0.0019228709,0.0015342055,0.0017183102,0.0015955737,0.0012069083,0.0012682765,0.0014319251,0.0011864522,0.0013910129,0.0013501009,0.0012273644,0.0018819587,0.0019228709,0.0018615026,0.0031911475,0.002516097,0.000286385,0.0,7.705683e-05,0.0005971904,0.017222201,0.9927231,0.11360103,0.022828085,0.012329092,0.010171502,0.009131234,0.008591836,0.0079175895,0.0072818706,0.0062993956,0.0057985266,0.0055095633,0.0056444127,0.0049509015,0.0041418048,0.0035831425,0.0036216709,0.0030437447,0.0022731766,0.0020612702,0.0015989292,0.0017915713,0.0016952503,0.0019456849,0.002408026,0.0029281594,0.0006742473,5.7792622e-05,0.0,0.0013486336,0.09559662,0.99341524,0.05634943,0.014385425,0.007661802,0.0053554433,0.004632263,0.003869992,0.0035181746,0.0026581762,0.002970903,0.0024822676,0.0034986292,0.002970903,0.0035572653,0.0034204475,0.003205448,0.0037136287,0.0035963561,0.0040849918,0.004124082,0.0042609004,0.003967719,0.004534536,0.0038504465,0.0036745379,0.00494499,0.0060199876,0.008326346,0.009010436,0.00592226,74.93382352941177,0.9631795207008057,0.40923655578955925,0.8230206280389144,0.0298004150390625,1.969342e-05,0.00092559075,0.11248881,0.99174094,0.054156903,0.013430912,0.009058973,0.0074834996,0.006991164,0.006715456,0.0062625073,0.005592931,0.0062231207,0.0066760695,0.006380668,0.0062034274,0.00610496,0.005809559,0.005395997,0.005395997,0.0051399823,0.004273472,0.0032691078,0.002107196,0.0015163933,0.0016345539,0.0016542473,0.0020284222,0.0029343194,0.0026979984,0.00031509472,0.0,0
0.000947203,0.0039664125,0.013438443,0.060739394,0.35431314,0.38515642,0.26012564,0.20637186,0.17985018,0.1605509,0.13716684,0.12284039,0.110704355,0.085366674,0.07204663,0.05931859,0.04759695,0.042091336,0.030310497,0.030251296,0.030665698,0.038776122,0.042742535,0.04700495,0.055529777,0.08181466,0.107803546,0.10922435,0.09312189,0.17955418,0.102120325,0.6282324,0.0,0.00032856272,0.0007885505,0.038310412,0.38106704,0.2614702,0.21869133,0.18090662,0.15389878,0.1445676,0.13122794,0.13168794,0.13924487,0.14220195,0.13766778,0.12932228,0.12340815,0.1168369,0.110594206,0.105665766,0.095940314,0.079183616,0.08444062,0.10257728,0.09948879,0.0770151,0.0780665,0.14844464,0.09554604,0.048233006,0.12176534,0.62794906,6.6493936e-05,0.0,0.00013298787,0.00066493935,0.0059179603,0.085843675,0.3748928,0.19761997,0.15639374,0.14110014,0.1326554,0.12161741,0.12620549,0.13278839,0.14176507,0.13764244,0.16470549,0.18099649,0.20054571,0.18957421,0.17647491,0.15759063,0.1655699,0.1919015,0.1710224,0.10652328,0.079260774,0.04069429,0.036438677,0.07227891,0.08085663,0.5880059,178.00205269607847,0.9835027015602144,0.09645319004148552,0.3686505465714273,0.064300537109375,0.0,0.0,0.00033085508,0.0010587362,0.13545206,0.3846521,0.23345134,0.1974543,0.17012568,0.13704017,0.1267175,0.12843794,0.12870263,0.14464983,0.15722233,0.15080374,0.1415398,0.13783422,0.13485652,0.122217864,0.13042307,0.1404149,0.12797475,0.09985206,0.074177705,0.0796699,0.13565058,0.10269742,0.028122682,0.05426023,0.11222604,0.61856663,0
0.6745918,0.3648042,0.4135154,0.32514217,0.23142613,0.17713149,0.10204314,0.05997441,0.045004874,0.038554978,0.033645354,0.031720012,0.031190544,0.030757342,0.027002925,0.028061863,0.02599212,0.025607051,0.027291726,0.02517385,0.025414517,0.025221983,0.024788782,0.025366385,0.025462652,0.026617857,0.028832,0.027147325,0.02652159,0.10079166,0.08919148,0.0104931155,0.0075042793,0.08065347,0.26741883,0.3388147,0.28474182,0.23087932,0.21446809,0.27835965,0.29806715,0.31419787,0.2507271,0.20927821,0.1857835,0.17098536,0.15127786,0.13044822,0.10660285,0.07125559,0.048883013,0.04734008,0.04369314,0.04495554,0.04719981,0.045236077,0.04895315,0.05000515,0.05365209,0.054914493,0.058631565,0.06816971,0.08268734,0.31048077,0.0006352644,0.0038115862,0.0730554,0.15331046,0.22424832,0.21570756,0.19601436,0.17434478,0.1742036,0.20024945,0.246412,0.24987066,0.19679078,0.18726182,0.17427419,0.17243898,0.16552167,0.15302813,0.15655738,0.12980568,0.11886502,0.0899252,0.078984536,0.05985602,0.054350395,0.054632735,0.052868113,0.062044155,0.065502815,0.076231726,0.098042466,0.56700873,204.79067095588235,0.9793359411480774,0.02972244431973503,0.2980140458899533,0.10455322265625,0.003560586,0.061598137,0.23108202,0.3250815,0.2758742,0.23279111,0.21520181,0.25543642,0.31368762,0.30727857,0.24817283,0.22901689,0.20288219,0.18792772,0.16884299,0.13708256,0.11372511,0.08103894,0.05426333,0.049136087,0.048566394,0.046216406,0.04813912,0.052411824,0.049919415,0.055972412,0.056470893,0.06252389,0.06530114,0.0771935,0.09805854,0.31247702,0
0.0013878485,0.0039065364,0.015214931,0.07987839,0.24117723,0.29895285,0.223495,0.14772876,0.10357462,0.09833164,0.079724185,0.06774756,0.05844384,0.053869084,0.048780303,0.04523358,0.0371635,0.029864443,0.024107441,0.02092053,0.015985958,0.033051353,0.19440159,0.6610785,0.44889188,0.20087822,0.09833164,0.031046685,0.00514018,0.00035981258,0.0,0.0,0.0,0.00012201698,0.00036605092,0.023915328,0.16075738,0.27423316,0.30473742,0.22438923,0.1473965,0.11390285,0.10249426,0.08352062,0.084740795,0.079311036,0.07211204,0.067353375,0.068024464,0.055212684,0.044231154,0.039350476,0.065218076,0.28326243,0.45670956,0.44822937,0.29631823,0.22987999,0.16161148,0.085167855,0.024281379,0.0014031953,0.0,0.0,0.00049812155,0.00092508283,0.020209502,0.1765485,0.34697723,0.39913768,0.3209326,0.22927822,0.1956906,0.1685074,0.15619668,0.1713538,0.14630541,0.11691624,0.10994254,0.130579,0.13534674,0.14367248,0.19291535,0.21967159,0.22081016,0.21682519,0.20472795,0.17839867,0.15100199,0.1330696,0.10154563,0.05913414,0.015085966,0.0011385635,0.00014232044,7.116022e-05,324.9627297794118,0.9537870364824282,0.021647578422638925,0.25653917265879755,0.113739013671875,0.0,6.9264664e-05,0.0013852933,0.052641146,0.23917088,0.34369126,0.32471275,0.21534385,0.14850344,0.11574125,0.10278876,0.08187083,0.08000069,0.087550536,0.085057005,0.08969774,0.1811271,0.2099412,0.2019065,0.2548247,0.22420973,0.2808682,0.29631424,0.2706863,0.23453015,0.18846916,0.13852933,0.07203525,0.01752396,0.00013852933,0.0,0.0,0
0.00051537744,0.0033499533,0.012497903,0.042067684,0.10810042,0.14295281,0.098759204,0.07208842,0.060105894,0.05553192,0.057851117,0.06364911,0.063391425,0.07060671,0.08516612,0.09450734,0.11492917,0.1370904,0.16356792,0.20370293,0.23346598,0.26129636,0.29994968,0.3436279,0.40527993,0.39316857,0.33963373,0.1998376,0.079303704,0.014623835,0.0013528658,0.0,0.00031983881,0.004221872,0.019957941,0.07932002,0.14718981,0.10394761,0.07126009,0.06224063,0.05315721,0.05226166,0.058914308,0.05622766,0.061536986,0.07241151,0.081750795,0.0859087,0.105163,0.12556872,0.14981249,0.18883283,0.23418596,0.2821618,0.33627853,0.38879603,0.39410537,0.3616737,0.3218218,0.18793727,0.08737996,0.017399231,0.0004477743,0.0,0.014975176,0.034520242,0.09203055,0.12254334,0.102014,0.08141434,0.07079814,0.06615794,0.058494586,0.06109591,0.06425968,0.071712114,0.08478903,0.098498695,0.13048792,0.15389982,0.19102138,0.22561193,0.24550852,0.2744043,0.29880047,0.31117433,0.33528927,0.35061598,0.28375497,0.23200977,0.20459044,0.20198911,0.1102398,0.032551676,0.0022497918,7.030599e-05,2028.323973651961,0.6653622307285555,0.010634520625570566,0.07701229455011367,0.325225830078125,0.00038875628,0.007062406,0.026888978,0.1040571,0.13502802,0.09945682,0.07172553,0.060516395,0.054555465,0.054037124,0.057147175,0.057341553,0.06544064,0.076714575,0.08306426,0.09388465,0.11260974,0.13353778,0.16580456,0.21485265,0.28703174,0.35150048,0.37165102,0.3735948,0.3521484,0.32409316,0.24698983,0.16787793,0.08306426,0.014189605,0.0,0.0,0
0.00410267,0.018113675,0.055037707,0.086620525,0.122151196,0.14343864,0.15907523,0.17927894,0.1989408,0.21070695,0.21016508,0.21271957,0.22100233,0.21581593,0.20234679,0.20838468,0.20211455,0.19089027,0.16968024,0.19383182,0.3491914,0.30940324,0.14785095,0.091961734,0.14258714,0.24306385,0.13585256,0.10411493,0.09815445,0.16642907,0.07260952,0.0074312515,0.028465696,0.07499027,0.117382735,0.16566728,0.18847045,0.19482167,0.20277981,0.21770135,0.20966668,0.21242142,0.20216765,0.19367385,0.19084258,0.19214344,0.2877178,0.36714625,0.2933038,0.24410099,0.15656133,0.13590074,0.11768881,0.12863128,0.11126108,0.0984056,0.081035405,0.07055207,0.069480784,0.086315334,0.101849034,0.23499502,0.038719468,0.0,0.51978016,0.2541512,0.22001593,0.20592955,0.20958157,0.20235205,0.20227751,0.2039172,0.21077406,0.19340831,0.17738411,0.16620444,0.14600651,0.1416837,0.12364716,0.11999514,0.118579045,0.10970984,0.10516344,0.09443095,0.08727597,0.08101535,0.07713973,0.06953756,0.06275522,0.060519286,0.057463508,0.05925226,0.08220785,0.16926022,0.25355494,0.09949908,858.6176317401962,0.8942941811377741,0.016655004660557013,0.18998028809768353,0.2192535400390625,0.02967855,0.09846477,0.14916563,0.19553837,0.20991391,0.20790443,0.19994378,0.2086773,0.21169154,0.20195326,0.2145512,0.39679605,0.2514948,0.23758298,0.24809413,0.23526435,0.18209027,0.15078868,0.13819075,0.123119615,0.10998067,0.09684173,0.10240646,0.10294747,0.087026164,0.06986825,0.075432986,0.089731246,0.1180959,0.22336201,0.098542064,0.0,0
0.00085820287,0.05892993,0.19818765,0.5744238,0.5054815,0.3392762,0.33561453,0.15161584,0.083360106,0.07592235,0.07597956,0.067969665,0.06974329,0.07535021,0.06745475,0.056069255,0.05812894,0.055268265,0.05887272,0.06488014,0.061275687,0.0727756,0.076494485,0.07861138,0.07981287,0.08833768,0.08879539,0.10389976,0.10607388,0.020081947,0.0,0.0,0.05695263,0.25477892,0.6024683,0.5152415,0.26817614,0.27652764,0.1790934,0.08287709,0.07162576,0.060664408,0.07075581,0.062056325,0.06547812,0.06542013,0.06571011,0.053646825,0.05219691,0.05474876,0.055212732,0.058692526,0.062404305,0.06437619,0.078179374,0.0793393,0.08096321,0.08560293,0.086356886,0.094418414,0.1115274,0.08537095,0.0,0.0,0.9701017,0.104902595,0.09689149,0.048857838,0.040517062,0.031055387,0.028813597,0.031945508,0.034747746,0.029769655,0.03300047,0.033165306,0.03659393,0.031450998,0.026044326,0.025417944,0.025813553,0.027264124,0.02798941,0.03168177,0.030132297,0.035736773,0.039890677,0.04355007,0.045033608,0.04724243,0.046912756,0.051791947,0.06405586,0.040187385,0.0,0.0,49.55312500000001,0.9955604249576279,0.07076208028897114,0.6624866550052899,0.02069091796875,0.082412384,0.5403001,0.67175865,0.27073076,0.23419689,0.14830007,0.073226124,0.06113616,0.051844306,0.06425104,0.055962287,0.056173466,0.05691259,0.063617505,0.052741814,0.044294678,0.0460369,0.047251176,0.048887808,0.05395609,0.053692117,0.058918785,0.06831623,0.070533596,0.072909355,0.07787205,0.07850558,0.08806141,0.10279111,0.06435663,0.0,0.0,0
0.012711231,0.7056344,0.54507905,0.3430958,0.20642322,0.13839129,0.109065935,0.07974059,0.059151977,0.04200077,0.029969858,0.02069603,0.014823801,0.010455434,0.0085577015,0.0065525495,0.0044041728,0.003186759,0.0024348272,0.002040958,0.0011099947,0.00046548166,0.00028645026,0.00010741885,0.00014322513,7.1612565e-05,0.0,0.0,0.0,0.0,0.0,0.0,0.73214257,0.5255895,0.30603197,0.19614203,0.14141937,0.113965414,0.09484768,0.073247604,0.059539147,0.044867396,0.033974737,0.023934219,0.019710533,0.014857,0.011226112,0.009373618,0.007854573,0.00585388,0.0043348353,0.0039272867,0.0024452917,0.001185596,0.00092624687,0.00025934912,0.00018524937,0.00018524937,7.409975e-05,0.0,0.0,0.0,0.0,0.0,0.9852981,0.10911543,0.07549847,0.059318565,0.050448716,0.041299503,0.03326775,0.02798309,0.024118537,0.019485729,0.016249748,0.014154509,0.012012708,0.01003387,0.008008472,0.0077058263,0.0064719627,0.005377782,0.004376723,0.0036084685,0.0031894206,0.0025608486,0.0022582028,0.0012105829,0.00090793724,0.000582011,0.00055873056,0.00023280442,0.00023280442,9.3121766e-05,4.6560883e-05,0.0,202.94678308823535,0.8725877704202555,0.11470174831524783,0.44958275431244205,0.1039886474609375,0.7628294,0.55210626,0.23744515,0.14630216,0.113096885,0.090765655,0.07323684,0.0589668,0.047406703,0.03557218,0.02854007,0.02126784,0.01687706,0.013549672,0.011628706,0.009536225,0.0068948967,0.006517564,0.004425083,0.004287871,0.0029157524,0.0019209662,0.0008232712,0.00048024155,0.00034302968,0.00024012077,0.0001029089,0.0,0.0,0.0,0.0,0.0,0
0.009572824,0.8974915,0.36260602,0.18533616,0.11123308,0.069426514,0.047424715,0.039703682,0.033614736,0.029973926,0.03009947,0.027651338,0.028310452,0.025736773,0.023602504,0.022692302,0.018800398,0.016948607,0.01233482,0.011361844,0.010012233,0.00969837,0.0085998485,0.007595487,0.0065597384,0.005084582,0.003452494,0.0016634744,0.0003138631,3.138631e-05,0.0,0.0,0.89525914,0.3835437,0.16411622,0.09586242,0.063772485,0.044092327,0.035004355,0.030491708,0.026104411,0.024631534,0.025947724,0.02340936,0.026605817,0.024349494,0.024568858,0.02340936,0.022782601,0.020306913,0.018834036,0.014164699,0.0139139965,0.012284429,0.009871417,0.010216133,0.0075837546,0.0065496066,0.0041365935,0.0017235806,0.00021936481,0.0,0.0,0.0,0.9973852,0.03098954,0.02339026,0.021184018,0.01701667,0.014524433,0.011909626,0.011031214,0.010581795,0.010765648,0.010867789,0.012522471,0.013074032,0.01376859,0.014524433,0.014115869,0.013646021,0.014279295,0.013074032,0.0125429,0.012113907,0.011296781,0.00907011,0.007926132,0.007252002,0.0051479,0.003166367,0.001409544,0.00020428175,0.0,0.0,0.0,99.41003370098039,0.976725552137731,0.2162944429567404,0.6059124380386451,0.060272216796875,0.9256317,0.3386639,0.124752834,0.058857016,0.040172704,0.034249805,0.025952024,0.022690138,0.019084895,0.02111642,0.020429708,0.021030582,0.02309072,0.021631455,0.02148839,0.021001969,0.021431165,0.018140664,0.018684313,0.013820097,0.013390901,0.011531054,0.009728433,0.00969982,0.007267711,0.006094577,0.0037483077,0.0016595561,0.00014306518,0.0,0.0,0.0,0
0.0,0.0,0.0,0.0009359824,0.04349565,0.07295157,0.060728736,0.041348398,0.045312557,0.060068045,0.0851744,0.07251111,0.09365329,0.097562395,0.08010908,0.083797954,0.08407324,0.08539463,0.08919361,0.1008108,0.10510531,0.16462278,0.37846723,0.5210118,0.5386303,0.31388444,0.19567537,0.15372133,0.04002701,0.0,0.0,0.0,0.0,0.0,0.0,0.0003529073,0.03992894,0.06478369,0.064632446,0.039828107,0.042953856,0.049961586,0.04204638,0.039777692,0.051373217,0.060145482,0.07118644,0.09588995,0.09881404,0.08701685,0.08595813,0.0931171,0.106930904,0.16692515,0.28499782,0.6156215,0.5732222,0.24239688,0.16430354,0.113686554,0.008167283,0.0,0.0,0.0,0.0,0.0,0.0,0.0,0.024771716,0.055364348,0.04048381,0.05378876,0.033875104,0.031336658,0.024903014,0.025034314,0.024903014,0.027704056,0.03947719,0.03991485,0.042453293,0.05203811,0.05628344,0.067487605,0.09685478,0.15340082,0.20784608,0.48900068,0.74148834,0.25769585,0.1588716,0.12228299,0.0009190919,8.7532564e-05,0.0,0.0,26.107628676470586,0.9936648921247162,0.048080141144541524,0.4493734209512988,0.0120086669921875,0.0,0.0,0.0,0.0,0.031486053,0.062678754,0.05989195,0.04082431,0.03730413,0.044882294,0.036570758,0.033392817,0.03808639,0.05426944,0.05818075,0.06874129,0.09304031,0.10130295,0.08986237,0.096511595,0.10149852,0.14750531,0.274134,0.6050309,0.602733,0.24426137,0.16271053,0.11132569,0.007920405,0.0,0.0,0.0,0
0.18543078,0.0628466,0.050632596,0.05633246,0.07713328,0.10178336,0.14456938,0.14827059,0.13872147,0.13968378,0.16529618,0.2126717,0.23273228,0.2773689,0.23791398,0.20038368,0.17366092,0.15300815,0.14427328,0.1882437,0.18728139,0.16211313,0.09623154,0.042786025,0.049522232,0.08127864,0.14168243,0.34310246,0.43304193,0.20119794,0.021170938,0.00088829116,0.054582562,0.026485505,0.035944615,0.052200265,0.06873619,0.092348926,0.09332987,0.09382035,0.120516054,0.10243864,0.11266849,0.12850374,0.1387336,0.25399458,0.2901494,0.27256247,0.23822941,0.18967265,0.17096463,0.15232669,0.15849262,0.123178616,0.14468934,0.11259843,0.11245829,0.10937532,0.15386817,0.53321344,0.31544375,0.11617187,0.019548824,0.0046945205,6.052269e-05,0.0012709765,0.0035708386,0.0043576336,0.006778541,0.011378266,0.014101787,0.018580465,0.024935348,0.02723521,0.031229706,0.030806048,0.02699312,0.0301403,0.027840437,0.03897661,0.048902333,0.10288857,0.24523793,0.3363851,0.32506737,0.3193177,0.22581016,0.1485832,0.17424482,0.24021456,0.30297658,0.35853642,0.34497932,0.16292708,0.07674277,0.25534523,152.0481004901961,0.9691965024013565,0.04517021679861113,0.5193296834683903,0.05242919921875,0.0019104287,0.011972019,0.017894348,0.02330723,0.017894348,0.017830668,0.02133312,0.029165879,0.03642551,0.042347837,0.06552771,0.099023886,0.13627724,0.19588262,0.22288334,0.33177778,0.30987152,0.3337519,0.26695058,0.18563,0.18410164,0.17792459,0.12659775,0.114243634,0.095585115,0.080747455,0.20231439,0.49142593,0.21314016,0.10844867,0.0094884625,0.0017193859,0
0.0010443958,0.06128955,0.21096797,0.3494329,0.51164407,0.50131005,0.3289847,0.22388549,0.17776717,0.15896805,0.14599556,0.12813088,0.107792646,0.103889905,0.10180111,0.09504002,0.08855378,0.07926415,0.059805408,0.04716272,0.023691297,0.01407186,0.014126829,0.015061288,0.011048609,0.010334022,0.011488355,0.017095111,0.0027484102,0.0,0.0,0.0,0.0075857434,0.17073944,0.19337626,0.19915587,0.32456145,0.51263976,0.4338925,0.2972287,0.20872836,0.17380986,0.15586898,0.14196177,0.13588114,0.15057099,0.15875877,0.14984854,0.12733212,0.1019259,0.08549013,0.06724822,0.043888945,0.019867424,0.017880682,0.015713327,0.01101739,0.010836776,0.013606175,0.014810261,0.001324495,0.0,0.0,0.0,0.0680106,0.22035433,0.14617302,0.18498883,0.28458288,0.45802647,0.4056749,0.2894929,0.2157097,0.17098859,0.15300725,0.13058034,0.13887432,0.14265637,0.15884621,0.18412624,0.18054324,0.18193664,0.12573667,0.13582213,0.1325709,0.08784978,0.09853242,0.04538463,0.007763161,0.0001990554,0.0,0.0,0.0,0.0,0.0,0.0,99.48863357843139,0.9746846259387195,0.0256583397326048,0.2894027196041045,0.0760650634765625,0.00814802,0.18394773,0.19116984,0.19944131,0.32030362,0.49209106,0.4233267,0.29197073,0.20678689,0.17178743,0.15765186,0.14388663,0.14024471,0.15184946,0.15962712,0.1661085,0.16049132,0.13623244,0.11110937,0.073826,0.0546905,0.026913159,0.020555234,0.012345485,0.011543029,0.015184947,0.013333124,0.0008024566,0.0,0.0,0.0,0.0,0
0.07904282,0.035211004,0.036442548,0.04080894,0.052732535,0.050045528,0.05547552,0.06790294,0.12556165,0.37271044,0.48215002,0.37310228,0.18870634,0.17387182,0.19581573,0.28034452,0.34018642,0.3488632,0.16289987,0.021608025,0.019872665,0.019256892,0.018361222,0.01858514,0.018417202,0.015674215,0.013882875,0.0137149375,0.011531743,0.012091537,0.010804012,0.012987206,0.039843578,0.022616522,0.01669773,0.017467655,0.019729307,0.04229771,0.24464342,0.5616597,0.4158072,0.2512359,0.3184599,0.43726882,0.27957872,0.035368394,0.03320298,0.03127817,0.029930804,0.028727796,0.030219525,0.028679676,0.02935336,0.026802987,0.027909752,0.024493214,0.025407499,0.022568403,0.02203908,0.019825548,0.018863143,0.018045098,0.016793972,0.016793972,0.016842296,0.9967309,0.027698096,0.013954444,0.010455294,0.007609599,0.0064924,0.006134053,0.0057546273,0.005860023,0.0057335477,0.0057124686,0.00594434,0.005860023,0.005543835,0.0054173595,0.005438439,0.0068507465,0.007989025,0.009148382,0.010244501,0.012078393,0.012499978,0.016589347,0.017158486,0.017474674,0.018275684,0.018465398,0.018802665,0.020151734,0.021585122,0.036951873,362.39543504901974,0.9211327600653287,0.08733759909309027,0.6198198629686044,0.0865631103515625,0.021104261,0.027917797,0.018272663,0.0180072,0.042827934,0.43615472,0.5820263,0.26993102,0.42544773,0.4408003,0.06172001,0.027077165,0.02973179,0.030705152,0.03207671,0.033359777,0.033669483,0.03128032,0.029422084,0.028448721,0.029112376,0.02889116,0.029554814,0.02818326,0.026280778,0.02499771,0.0215467,0.02252006,0.0187151,0.017785981,0.018272663,0.013715558,0
0.0,0.000107471824,0.0013254859,0.44264063,0.81943685,0.26162225,0.15117703,0.12129986,0.092497416,0.06634594,0.057103362,0.053771734,0.0423439,0.04091094,0.033244617,0.028408386,0.024252808,0.019846464,0.016156597,0.013792218,0.014078809,0.013290682,0.011284541,0.009063457,0.0064483094,0.004979528,0.0018628449,0.00046571123,0.0,0.0,0.0,0.0,0.0,0.00024241851,0.007168662,0.057141505,0.8871825,0.3216201,0.21561395,0.13904433,0.107287504,0.082560815,0.084569424,0.06988579,0.054578796,0.05128883,0.041453566,0.02933264,0.02306439,0.017800445,0.015653308,0.014718266,0.012917443,0.011739982,0.009142641,0.007203293,0.0044327956,0.0023202915,0.0012467238,0.00038094335,0.0,0.0,0.0,0.0,0.0,0.0,0.0,0.004757803,0.87206405,0.35631073,0.21567458,0.13404267,0.09485635,0.08339267,0.0954183,0.07885964,0.059116635,0.04870192,0.03952348,0.034391046,0.025662165,0.025512313,0.026898444,0.026486352,0.027198149,0.02982056,0.031206692,0.02386394,0.021653622,0.023938866,0.021091677,0.019930324,0.014273409,0.010414718,0.005357211,0.004757803,67.46439950980393,0.9744091636558851,0.1224918433753725,0.576492570828699,0.0377960205078125,0.0,0.0,0.0,0.0013534763,0.8904833,0.30196404,0.2180138,0.14183737,0.119695894,0.10064311,0.09012764,0.06691032,0.05420846,0.048551623,0.042478334,0.030435864,0.028908866,0.026097799,0.020059213,0.016449943,0.015686443,0.015061762,0.014714717,0.011487196,0.007808517,0.0060038823,0.0038174973,0.0014228853,0.0001735226,0.0,0.0,0.0,0
